file_name,chunk_duration,total_time,max_chunk_time
SweeterVermouth.mp3,1,0.006208170000718383,0.0014458749997174891
SweeterVermouth.mp3,2,0.0032255400001304224,0.0008124159999169933
SweeterVermouth.mp3,3,0.0023992079991330684,0.0007868329998927948
SweeterVermouth.mp3,4,0.002273126000090997,0.0008540839999113814
SweeterVermouth.mp3,5,0.0022589169993807445,0.000947042000007059
SweeterVermouth.mp3,6,0.0021214170001258026,0.0009949579998647096
SweeterVermouth.mp3,7,0.0018047079997813853,0.000905790999695455
SweeterVermouth.mp3,8,0.0018290830003024894,0.00100666700018337
SweeterVermouth.mp3,9,0.0021135409997441457,0.001250666000032652
SweeterVermouth.mp3,10,0.0023431250006069604,0.001505208000253333
SweeterVermouth.mp3,11,0.002390040999671328,0.0015553329999420384
SweeterVermouth.mp3,12,0.002485916999830806,0.0016072919997895951
SweeterVermouth.mp3,13,0.002471374999913678,0.0017590420002306928
SweeterVermouth.mp3,14,0.0017371250000906002,0.0011693750002450543
SweeterVermouth.mp3,15,0.0017102910001085547,0.0013169160001780256
SweeterVermouth.mp3,16,0.0018150409996451344,0.0013542079996113898
SweeterVermouth.mp3,17,0.0019420839998929296,0.00151054199977807
SweeterVermouth.mp3,18,0.0018116249998456624,0.001426625000021886
SweeterVermouth.mp3,19,0.0024433329995190434,0.002036707999650389
SweeterVermouth.mp3,20,0.0016726670000934973,0.001344457999948645
SweeterVermouth.mp3,21,0.0016658330000609567,0.001403707999998005
SweeterVermouth.mp3,22,0.0018077500003528257,0.001561957999911101
SweeterVermouth.mp3,23,0.0017625829996177345,0.0015455829998245463
SweeterVermouth.mp3,24,0.002695208999739407,0.0024617919998490834
SweeterVermouth.mp3,25,0.0023511249996772676,0.0023511249996772676
SweeterVermouth.mp3,26,0.0017245000003640598,0.0017245000003640598
SweeterVermouth.mp3,27,0.0018590409999887925,0.0018590409999887925
SweeterVermouth.mp3,28,0.0023644580001018767,0.0023644580001018767
SweeterVermouth.mp3,29,0.001618583999970724,0.001618583999970724
SweeterVermouth.mp3,30,0.0023942080001688737,0.0023942080001688737
BrandenburgNo4OneBWV1049.mp3,1,0.07009116799690673,0.0010677499999474094
BrandenburgNo4OneBWV1049.mp3,2,0.039369849999275175,0.000896750000265456
BrandenburgNo4OneBWV1049.mp3,3,0.028463627999371965,0.0007852079997974215
BrandenburgNo4OneBWV1049.mp3,4,0.022404419004033116,0.0008108340002763725
BrandenburgNo4OneBWV1049.mp3,5,0.01997267100159661,0.000864624999849184
BrandenburgNo4OneBWV1049.mp3,6,0.017190209998716455,0.0008932089999689197
BrandenburgNo4OneBWV1049.mp3,7,0.01705774600031873,0.0009304159998464456
BrandenburgNo4OneBWV1049.mp3,8,0.013738082998770551,0.0009597499997653358
BrandenburgNo4OneBWV1049.mp3,9,0.013927710998359544,0.0009762910003701109
BrandenburgNo4OneBWV1049.mp3,10,0.013208289999965928,0.0010048330000245187
BrandenburgNo4OneBWV1049.mp3,11,0.013135705999957281,0.0010660839998308802
BrandenburgNo4OneBWV1049.mp3,12,0.013494921000528848,0.001033832999837614
BrandenburgNo4OneBWV1049.mp3,13,0.012794495998605271,0.0009976249998544517
BrandenburgNo4OneBWV1049.mp3,14,0.011117708000256243,0.0010516249999454885
BrandenburgNo4OneBWV1049.mp3,15,0.012044043000514648,0.0011262499997428677
BrandenburgNo4OneBWV1049.mp3,16,0.011277083000095445,0.0010386660001131531
BrandenburgNo4OneBWV1049.mp3,17,0.01136245699990468,0.0011269999999967695
BrandenburgNo4OneBWV1049.mp3,18,0.011626251001416676,0.0011165840001012839
BrandenburgNo4OneBWV1049.mp3,19,0.01251858300065578,0.0012417909997566312
BrandenburgNo4OneBWV1049.mp3,20,0.01188724700068633,0.0014509170000565064
BrandenburgNo4OneBWV1049.mp3,21,0.011351001000093675,0.001269458000024315
BrandenburgNo4OneBWV1049.mp3,22,0.011675500000364991,0.0013159170002836618
BrandenburgNo4OneBWV1049.mp3,23,0.011329081999974733,0.0012941669997417193
BrandenburgNo4OneBWV1049.mp3,24,0.012063166999723762,0.0015153340000324533
BrandenburgNo4OneBWV1049.mp3,25,0.01088208199962537,0.0014200000000528235
BrandenburgNo4OneBWV1049.mp3,26,0.010444291999192501,0.0013730829996347893
BrandenburgNo4OneBWV1049.mp3,27,0.010373250001521228,0.0013937080002506264
BrandenburgNo4OneBWV1049.mp3,28,0.011023457000192138,0.0014439579999816488
BrandenburgNo4OneBWV1049.mp3,29,0.01078566599971964,0.001346416999695066
BrandenburgNo4OneBWV1049.mp3,30,0.011867124999753287,0.001824750000196218
CanonInDMajor.mp3,1,0.061593634994551394,0.000920040999972116
CanonInDMajor.mp3,2,0.039364589999422606,0.0009367499997097184
CanonInDMajor.mp3,3,0.025974464001592423,0.0008169580000867427
CanonInDMajor.mp3,4,0.021494629001153953,0.00089745800005403
CanonInDMajor.mp3,5,0.01845387799994569,0.0008952919997682329
CanonInDMajor.mp3,6,0.016546789999665634,0.0008846659998198447
CanonInDMajor.mp3,7,0.015211249999993015,0.0008722090001356264
CanonInDMajor.mp3,8,0.013575044999015518,0.0009254999999939173
CanonInDMajor.mp3,9,0.01358287400125846,0.0009677500001998851
CanonInDMajor.mp3,10,0.012499452998781635,0.0010252909996779636
CanonInDMajor.mp3,11,0.01236791899873424,0.0010334170001442544
CanonInDMajor.mp3,12,0.011667831000977458,0.0009811660002014833
CanonInDMajor.mp3,13,0.010616250000566652,0.0010722080000959977
CanonInDMajor.mp3,14,0.010889289998885943,0.0010688329998629342
CanonInDMajor.mp3,15,0.010872790000121313,0.0010419579998597328
CanonInDMajor.mp3,16,0.01048087000117448,0.0011065409998991527
CanonInDMajor.mp3,17,0.01050583199958055,0.0011520830003064475
CanonInDMajor.mp3,18,0.01076895700134628,0.0011972919996878773
CanonInDMajor.mp3,19,0.01075358500065704,0.0012781659997926909
CanonInDMajor.mp3,20,0.009559497999816813,0.0014196249999258725
CanonInDMajor.mp3,21,0.01145154200048637,0.001367500000014843
CanonInDMajor.mp3,22,0.012766252000346867,0.0019316249999974389
CanonInDMajor.mp3,23,0.013272290998429526,0.0015074159996402159
CanonInDMajor.mp3,24,0.010999874999470194,0.0015651249996153638
CanonInDMajor.mp3,25,0.00990458300066166,0.001618875000076514
CanonInDMajor.mp3,26,0.009308206999321555,0.0016580000001340522
CanonInDMajor.mp3,27,0.009969374000775133,0.0015761249997012783
CanonInDMajor.mp3,28,0.00898808200008716,0.001574542000071233
CanonInDMajor.mp3,29,0.009723747999487387,0.0015164169999479782
CanonInDMajor.mp3,30,0.009499750000941276,0.0015727500003777095
MapleLeafRag.mp3,1,0.03211458800251421,0.0010607500003061432
MapleLeafRag.mp3,2,0.019188996001958003,0.0008696250001776207
MapleLeafRag.mp3,3,0.011374747998161183,0.0008807919998616853
MapleLeafRag.mp3,4,0.011150665999139164,0.0007912920000308077
MapleLeafRag.mp3,5,0.010141544998987229,0.000931167000089772
MapleLeafRag.mp3,6,0.009776707002401963,0.0009232500001417066
MapleLeafRag.mp3,7,0.008896626000478136,0.0010346250001020962
MapleLeafRag.mp3,8,0.008511084000929259,0.0012145420000706508
MapleLeafRag.mp3,9,0.00776733599968793,0.00092820899999424
MapleLeafRag.mp3,10,0.007727085001988598,0.0011185830003341835
MapleLeafRag.mp3,11,0.006942126000467397,0.0011249579997638648
MapleLeafRag.mp3,12,0.007140750999951706,0.001087041999653593
MapleLeafRag.mp3,13,0.006731585000579798,0.0010628339996401337
MapleLeafRag.mp3,14,0.0072389550000480085,0.0011438330002420116
MapleLeafRag.mp3,15,0.006724500000473199,0.0012905419998787693
MapleLeafRag.mp3,16,0.006893998000577994,0.0012191670002721366
MapleLeafRag.mp3,17,0.006453956998939248,0.001330582999798935
MapleLeafRag.mp3,18,0.00668341699974917,0.0015862499999457214
MapleLeafRag.mp3,19,0.00636054099913963,0.0012877079998361296
MapleLeafRag.mp3,20,0.006086165999931836,0.0013765829999101697
MapleLeafRag.mp3,21,0.006639624999024818,0.0015885419998085126
MapleLeafRag.mp3,22,0.005730625000978762,0.0013817080002809234
MapleLeafRag.mp3,23,0.00631862399950478,0.001389166000080877
MapleLeafRag.mp3,24,0.005783458999303548,0.0016987909998533723
MapleLeafRag.mp3,25,0.006536165999023069,0.0014997079997556284
MapleLeafRag.mp3,26,0.005791709000732226,0.001531625000097847
MapleLeafRag.mp3,27,0.00600791500073683,0.0016530410002815188
MapleLeafRag.mp3,28,0.006464499000685464,0.0018524580000303104
MapleLeafRag.mp3,29,0.005934209000770352,0.001643792000322719
MapleLeafRag.mp3,30,0.005956666000201949,0.0017679160000625416
GardenMusic.mp3,1,0.37033047800196073,0.0008620829999017587
GardenMusic.mp3,2,0.2590289110057711,0.002509250000002794
GardenMusic.mp3,3,0.2135081279880069,0.0021080420001453604
GardenMusic.mp3,4,0.21543628999779685,0.030173499999818887
GardenMusic.mp3,5,0.175604890003342,0.0018086659997607057
GardenMusic.mp3,6,0.1710341249990961,0.001239832999999635
GardenMusic.mp3,7,0.1333097490041837,0.0015578749998894637
GardenMusic.mp3,8,0.12042149599801633,0.001859999999851425
GardenMusic.mp3,9,0.1255735879972235,0.0014232499997888226
GardenMusic.mp3,10,0.14029558699348854,0.002300541999829875
GardenMusic.mp3,11,0.15339216899792518,0.0029269579999890993
GardenMusic.mp3,12,0.1302208810011507,0.0023033329998725094
GardenMusic.mp3,13,0.14910642300401378,0.0017259170003853797
GardenMusic.mp3,14,0.13816975399913645,0.002042250000158674
GardenMusic.mp3,15,0.12859749200060833,0.0021034579999650305
GardenMusic.mp3,16,0.1294227820035303,0.0017583339999873715
GardenMusic.mp3,17,0.10506737599780536,0.0016239579999819398
GardenMusic.mp3,18,0.13291871199771776,0.001998875000026601
GardenMusic.mp3,19,0.1352851549991101,0.004328082999563776
GardenMusic.mp3,20,0.11896791299614051,0.0018637500002114393
GardenMusic.mp3,21,0.11132595799654155,0.001971291999780078
GardenMusic.mp3,22,0.11430062199724489,0.0018989999998666462
GardenMusic.mp3,23,0.1189665790006984,0.0027249580002717266
GardenMusic.mp3,24,0.09202941399871634,0.002017667000018264
GardenMusic.mp3,25,0.09329449999768258,0.00275637499998993
GardenMusic.mp3,26,0.10291062299938858,0.001969541999642388
GardenMusic.mp3,27,0.08972991200062097,0.0019907079999939015
GardenMusic.mp3,28,0.08067154200125515,0.002087333999952534
GardenMusic.mp3,29,0.09081021400106692,0.0020365420000416634
GardenMusic.mp3,30,0.08219424599974445,0.0019947079999838024
SweeterVermouth.mp3,1,0.009391874001266842,0.0019972499999312276
SweeterVermouth.mp3,2,0.005176083999231196,0.0009971249996851839
SweeterVermouth.mp3,3,0.0036460019996411575,0.0017960000000130094
SweeterVermouth.mp3,4,0.004677334999996674,0.0016655839999657474
SweeterVermouth.mp3,5,0.003260291000970028,0.0015305410001928976
SweeterVermouth.mp3,6,0.004549541999494977,0.0016742080001677095
SweeterVermouth.mp3,7,0.0036429169999792066,0.001556416999846988
SweeterVermouth.mp3,8,0.002569125000263739,0.0010994170002049941
SweeterVermouth.mp3,9,0.0029092930003571382,0.001870250000138185
SweeterVermouth.mp3,10,0.0025611259998186142,0.001697042000159854
SweeterVermouth.mp3,11,0.0035141659996043018,0.0016019159997995303
SweeterVermouth.mp3,12,0.0024136249999173742,0.0012414160000844277
SweeterVermouth.mp3,13,0.0029655000003003806,0.0016171669999494043
SweeterVermouth.mp3,14,0.0020985000001019216,0.0016611250002824818
SweeterVermouth.mp3,15,0.0036518330002763832,0.0024214579998442787
SweeterVermouth.mp3,16,0.0038558760002160852,0.002669334000074741
SweeterVermouth.mp3,17,0.0033901249998962157,0.00227374999985841
SweeterVermouth.mp3,18,0.0035495000001901644,0.0022490410001410055
SweeterVermouth.mp3,19,0.0036846250004600734,0.002277875000345375
SweeterVermouth.mp3,20,0.006046209000032832,0.004350542000338464
SweeterVermouth.mp3,21,0.007438709000325616,0.006332750000183296
SweeterVermouth.mp3,22,0.005050750999998854,0.003875291999975161
SweeterVermouth.mp3,23,0.002400707999640872,0.002112541999849782
SweeterVermouth.mp3,24,0.0031655419998060097,0.0028815420000682934
SweeterVermouth.mp3,25,0.0022117089997664152,0.0022117089997664152
SweeterVermouth.mp3,26,0.0022351249999701395,0.0022351249999701395
SweeterVermouth.mp3,27,0.002998834000209172,0.002998834000209172
SweeterVermouth.mp3,28,0.0029734169997936988,0.0029734169997936988
SweeterVermouth.mp3,29,0.002962375000151951,0.002962375000151951
SweeterVermouth.mp3,30,0.0030191669998202997,0.0030191669998202997
BrandenburgNo4OneBWV1049.mp3,1,0.06947416799948769,0.0009745839997776784
BrandenburgNo4OneBWV1049.mp3,2,0.06517475200007539,0.0013528330000553979
BrandenburgNo4OneBWV1049.mp3,3,0.05657287599842675,0.0012038330000905262
BrandenburgNo4OneBWV1049.mp3,4,0.03717479600163642,0.0017603340002096957
BrandenburgNo4OneBWV1049.mp3,5,0.02838191699811432,0.0011221670001759776
BrandenburgNo4OneBWV1049.mp3,6,0.03204041500157473,0.0010795829998642148
BrandenburgNo4OneBWV1049.mp3,7,0.031114540999624296,0.0012260419998710859
BrandenburgNo4OneBWV1049.mp3,8,0.03820858500057511,0.001593707999745675
BrandenburgNo4OneBWV1049.mp3,9,0.05403012299984766,0.0038148329999785346
BrandenburgNo4OneBWV1049.mp3,10,0.033568749998721614,0.0022109999999884167
BrandenburgNo4OneBWV1049.mp3,11,0.027861746998951276,0.001567040999816527
BrandenburgNo4OneBWV1049.mp3,12,0.02705758599950059,0.0019986669999525475
BrandenburgNo4OneBWV1049.mp3,13,0.026096040000538778,0.0022561669998140133
BrandenburgNo4OneBWV1049.mp3,14,0.02346345800151539,0.001622374999897147
BrandenburgNo4OneBWV1049.mp3,15,0.025315959001545707,0.0021494999996320985
BrandenburgNo4OneBWV1049.mp3,16,0.021642164998866065,0.0021776660000796255
BrandenburgNo4OneBWV1049.mp3,17,0.024118247999012965,0.0022251249997680134
BrandenburgNo4OneBWV1049.mp3,18,0.024341875000573054,0.002204750000146305
BrandenburgNo4OneBWV1049.mp3,19,0.023301623000861582,0.002943874999800755
BrandenburgNo4OneBWV1049.mp3,20,0.021129501000814344,0.002319917000022542
BrandenburgNo4OneBWV1049.mp3,21,0.022480040999198536,0.0031034589997034345
BrandenburgNo4OneBWV1049.mp3,22,0.022438374000557815,0.0032027090001065517
BrandenburgNo4OneBWV1049.mp3,23,0.021563458001764957,0.00260320799998226
BrandenburgNo4OneBWV1049.mp3,24,0.020182084000225586,0.00166008399992279
BrandenburgNo4OneBWV1049.mp3,25,0.021233000999927754,0.002045333000296523
BrandenburgNo4OneBWV1049.mp3,26,0.018524957999488834,0.002832125000168162
BrandenburgNo4OneBWV1049.mp3,27,0.01935904100037078,0.0019802500000878354
BrandenburgNo4OneBWV1049.mp3,28,0.019676333999996132,0.0018198749999100983
BrandenburgNo4OneBWV1049.mp3,29,0.022824082999704842,0.0035739999998440908
BrandenburgNo4OneBWV1049.mp3,30,0.02012816500109693,0.0028060829999958514
CanonInDMajor.mp3,1,0.07995573499874808,0.0017035830001077557
CanonInDMajor.mp3,2,0.07128320500214613,0.0011570829997253895
CanonInDMajor.mp3,3,0.0550302030005696,0.0012287079998714034
CanonInDMajor.mp3,4,0.04073162600025171,0.0011666670002341561
CanonInDMajor.mp3,5,0.04502312600106961,0.0020181669997327845
CanonInDMajor.mp3,6,0.035467252998842014,0.0018947090002257028
CanonInDMajor.mp3,7,0.02734545800012711,0.0011628750003183086
CanonInDMajor.mp3,8,0.03238378900323369,0.001607375000276079
CanonInDMajor.mp3,9,0.027166253999894252,0.0018764159999591357
CanonInDMajor.mp3,10,0.024948457998561935,0.0013613330002044677
CanonInDMajor.mp3,11,0.025390005000645033,0.0014372499999808497
CanonInDMajor.mp3,12,0.022740124000392825,0.0021803750000799482
CanonInDMajor.mp3,13,0.022625831999903312,0.0015725000002930756
CanonInDMajor.mp3,14,0.02845983399902252,0.0023687920001975726
CanonInDMajor.mp3,15,0.027686999001161894,0.0025363750000906293
CanonInDMajor.mp3,16,0.023563711001315824,0.0022365419999914593
CanonInDMajor.mp3,17,0.022552041000835743,0.0016596249997746781
CanonInDMajor.mp3,18,0.023231459000726318,0.0017319589996986906
CanonInDMajor.mp3,19,0.023019374000796233,0.0024563749998378626
CanonInDMajor.mp3,20,0.021017624999785767,0.0021472919997904683
CanonInDMajor.mp3,21,0.019108957999378617,0.0025423329998375266
CanonInDMajor.mp3,22,0.017560836000029667,0.001847292000093148
CanonInDMajor.mp3,23,0.018123333999483293,0.002358791000006022
CanonInDMajor.mp3,24,0.01795070600019244,0.0017994160002672288
CanonInDMajor.mp3,25,0.014808123000420892,0.0023867919999247533
CanonInDMajor.mp3,26,0.017425541001557576,0.001908291999825451
CanonInDMajor.mp3,27,0.0179212070001995,0.002701459000036266
CanonInDMajor.mp3,28,0.016502208998645074,0.00293424999972558
CanonInDMajor.mp3,29,0.016085043999737536,0.0023871250000411237
CanonInDMajor.mp3,30,0.01590208600009646,0.002260000000205764
MapleLeafRag.mp3,1,0.059814418996211316,0.001764874999935273
MapleLeafRag.mp3,2,0.032121206003466796,0.0012400840000736935
MapleLeafRag.mp3,3,0.027446162999240187,0.001233666999723937
MapleLeafRag.mp3,4,0.024036709001848067,0.001701042000149755
MapleLeafRag.mp3,5,0.022741791001408274,0.0017412080001122376
MapleLeafRag.mp3,6,0.021057500999631884,0.0013317500001903682
MapleLeafRag.mp3,7,0.02155108299848507,0.0018908749998445273
MapleLeafRag.mp3,8,0.019369292000192218,0.0024674579999555135
MapleLeafRag.mp3,9,0.014747957999588834,0.0014182089998939773
MapleLeafRag.mp3,10,0.015586751999762782,0.001934499999606487
MapleLeafRag.mp3,11,0.01506416499887564,0.0018242499995722028
MapleLeafRag.mp3,12,0.012800084000446077,0.0020378330000312417
MapleLeafRag.mp3,13,0.013157043999854068,0.0018058339996969153
MapleLeafRag.mp3,14,0.014211791999059642,0.002429833000405779
MapleLeafRag.mp3,15,0.07051854300061677,0.029486583000107203
MapleLeafRag.mp3,16,0.04423592000011922,0.014602749999994558
MapleLeafRag.mp3,17,0.013205874999584921,0.0027073339997514267
MapleLeafRag.mp3,18,0.014965874000154145,0.002653292000104557
MapleLeafRag.mp3,19,0.014634417999332072,0.002275374999953783
MapleLeafRag.mp3,20,0.012160041999322857,0.003972083999997267
MapleLeafRag.mp3,21,0.01081533400065382,0.002523875000406406
MapleLeafRag.mp3,22,0.01125012400052583,0.002579333000085171
MapleLeafRag.mp3,23,0.052928584000710543,0.025557542000115063
MapleLeafRag.mp3,24,0.01128937500061511,0.0032235829999081034
MapleLeafRag.mp3,25,0.010389376000148332,0.0029209170002104656
MapleLeafRag.mp3,26,0.011320916000386205,0.002644416999828536
MapleLeafRag.mp3,27,0.010699790999751713,0.0030951670000831655
MapleLeafRag.mp3,28,0.010858040999664809,0.003214958999706141
MapleLeafRag.mp3,29,0.011784082999838574,0.0028913330002069415
MapleLeafRag.mp3,30,0.01166345999990881,0.0033794589999160962
GardenMusic.mp3,1,0.42459459499104923,0.003357249999680789
GardenMusic.mp3,2,0.47342703800313757,0.0026173340002060286
GardenMusic.mp3,3,0.4781605310035957,0.04104562500015163
GardenMusic.mp3,4,0.18075386699683804,0.0012990840000384196
GardenMusic.mp3,5,0.1715584920002584,0.004537249999884807
GardenMusic.mp3,6,0.1843232909982362,0.0021228750001682783
GardenMusic.mp3,7,0.20285450200344712,0.0035390420002840983
GardenMusic.mp3,8,0.1671398370026509,0.002854542000022775
GardenMusic.mp3,9,0.1518672030019843,0.0015720830001555441
GardenMusic.mp3,10,0.16775165900025968,0.011739166999632289
GardenMusic.mp3,11,0.136327412002629,0.001460959000269213
GardenMusic.mp3,12,0.13157733999833,0.0015670420002606988
GardenMusic.mp3,13,0.11962461999473817,0.0016621250001662702
GardenMusic.mp3,14,0.11747049700306889,0.0014780409997001698
GardenMusic.mp3,15,0.12319319999960499,0.0025330829998893023
GardenMusic.mp3,16,0.1112037199977749,0.0015945840000313183
GardenMusic.mp3,17,0.13500962099942626,0.0016034580003179144
GardenMusic.mp3,18,0.12487441499979468,0.0016407089997301227
GardenMusic.mp3,19,0.10287742500213426,0.0025666250003268942
GardenMusic.mp3,20,0.10691341500159979,0.0018017500001406006
GardenMusic.mp3,21,0.11204766900164032,0.0017766250002750894
GardenMusic.mp3,22,0.1025592119990506,0.002606625000225904
GardenMusic.mp3,23,0.12151529300081165,0.002560750000156986
GardenMusic.mp3,24,0.1148162939989561,0.0028404999998201674
GardenMusic.mp3,25,0.09756437300165999,0.00266925000005358
GardenMusic.mp3,26,0.10944862200312855,0.0020439579998310364
GardenMusic.mp3,27,0.09808512699783023,0.002174167000248417
GardenMusic.mp3,28,0.0899774180006716,0.002036500000031083
GardenMusic.mp3,29,0.09395216899929437,0.0020896669998364814
GardenMusic.mp3,30,0.10656087300048966,0.0021806659997309907
SweeterVermouth.mp3,1,0.008748540000397043,0.0021165409998502582
SweeterVermouth.mp3,2,0.00620508400061226,0.0011275420001766179
SweeterVermouth.mp3,3,0.005041748999701667,0.001018624999687745
SweeterVermouth.mp3,4,0.004077541999777168,0.0009354590001748875
SweeterVermouth.mp3,5,0.0026263340005243663,0.0008319170001414022
SweeterVermouth.mp3,6,0.0054120840004543425,0.0014111670002421306
SweeterVermouth.mp3,7,0.004492040999593883,0.002160790999823803
SweeterVermouth.mp3,8,0.0036337510000521434,0.001966750000065076
SweeterVermouth.mp3,9,0.003391126000224176,0.0014631250001002627
SweeterVermouth.mp3,10,0.0024668329997439287,0.0016879159998097748
SweeterVermouth.mp3,11,0.002583082999990438,0.001791666999906738
SweeterVermouth.mp3,12,0.003273334000368777,0.0017305840001426986
SweeterVermouth.mp3,13,0.0023936239999784448,0.0017817910002122517
SweeterVermouth.mp3,14,0.002471791999596462,0.001890541999728157
SweeterVermouth.mp3,15,0.002561582999987877,0.0020542499996736296
SweeterVermouth.mp3,16,0.0025383340002917976,0.0020618340004148195
SweeterVermouth.mp3,17,0.0034627079999154375,0.002205041999786772
SweeterVermouth.mp3,18,0.0039598759999535105,0.002621458999783499
SweeterVermouth.mp3,19,0.0036474579992500367,0.0029999159996805247
SweeterVermouth.mp3,20,0.003129416999854584,0.002760834000127943
SweeterVermouth.mp3,21,0.0024678760000824695,0.0021063340000182507
SweeterVermouth.mp3,22,0.003722333000496292,0.0030247920003603213
SweeterVermouth.mp3,23,0.0035817080001834256,0.0024395000000367872
SweeterVermouth.mp3,24,0.002164332000120339,0.0018814160002875724
SweeterVermouth.mp3,25,0.0029152920001251914,0.0029152920001251914
SweeterVermouth.mp3,26,0.0021388750001278822,0.0021388750001278822
SweeterVermouth.mp3,27,0.0029197089997978765,0.0029197089997978765
SweeterVermouth.mp3,28,0.002617458999793598,0.002617458999793598
SweeterVermouth.mp3,29,0.003256041999975423,0.003256041999975423
SweeterVermouth.mp3,30,0.0018645830000423302,0.0018645830000423302
BrandenburgNo4OneBWV1049.mp3,1,0.07013146700319339,0.0008681250001245644
BrandenburgNo4OneBWV1049.mp3,2,0.05687499900295734,0.0011284590000286698
BrandenburgNo4OneBWV1049.mp3,3,0.0686442969977179,0.0018487920001462044
BrandenburgNo4OneBWV1049.mp3,4,0.037592076997498225,0.0017302500000369037
BrandenburgNo4OneBWV1049.mp3,5,0.03584920899947974,0.0016116659999170224
BrandenburgNo4OneBWV1049.mp3,6,0.032077746000140905,0.0017141670000455633
BrandenburgNo4OneBWV1049.mp3,7,0.032553044998167024,0.0012256250001883018
BrandenburgNo4OneBWV1049.mp3,8,0.034855835000144,0.0013513330000023416
BrandenburgNo4OneBWV1049.mp3,9,0.0323832510007378,0.0016848749996825063
BrandenburgNo4OneBWV1049.mp3,10,0.030774079001275823,0.001595291000285215
BrandenburgNo4OneBWV1049.mp3,11,0.028664503001891717,0.0014540000001943554
BrandenburgNo4OneBWV1049.mp3,12,0.027102123999156902,0.0020503330001702125
BrandenburgNo4OneBWV1049.mp3,13,0.0265742549981951,0.0019103330000689311
BrandenburgNo4OneBWV1049.mp3,14,0.026616377001118963,0.002102917000229354
BrandenburgNo4OneBWV1049.mp3,15,0.02056987599871718,0.0018329170002289175
BrandenburgNo4OneBWV1049.mp3,16,0.028380125999774464,0.002268000000185566
BrandenburgNo4OneBWV1049.mp3,17,0.023414252000748093,0.0020877080000900605
BrandenburgNo4OneBWV1049.mp3,18,0.029038748002221837,0.002273290999710298
BrandenburgNo4OneBWV1049.mp3,19,0.021549751002112316,0.0015240419998008292
BrandenburgNo4OneBWV1049.mp3,20,0.02296929299882322,0.0024954579998848203
BrandenburgNo4OneBWV1049.mp3,21,0.020947710000655206,0.0016501669997524004
BrandenburgNo4OneBWV1049.mp3,22,0.02194266600008632,0.0023656250000385626
BrandenburgNo4OneBWV1049.mp3,23,0.021571665000465146,0.002740375000030326
BrandenburgNo4OneBWV1049.mp3,24,0.019867376998263353,0.002028916999734065
BrandenburgNo4OneBWV1049.mp3,25,0.019088373000158754,0.002418875000330445
BrandenburgNo4OneBWV1049.mp3,26,0.01982712699827971,0.0027138749996993283
BrandenburgNo4OneBWV1049.mp3,27,0.018620413999542507,0.0020491659997787792
BrandenburgNo4OneBWV1049.mp3,28,0.019594293999944057,0.0018959999997605337
BrandenburgNo4OneBWV1049.mp3,29,0.020827749999625667,0.004083916000126919
BrandenburgNo4OneBWV1049.mp3,30,0.0209162089995516,0.003699458000028244
CanonInDMajor.mp3,1,0.11763781799891149,0.00174591600034546
CanonInDMajor.mp3,2,0.0599014590011393,0.0010851659999389085
CanonInDMajor.mp3,3,0.040409045000160404,0.0011480829998617992
CanonInDMajor.mp3,4,0.03770041899997523,0.0013491670001712919
CanonInDMajor.mp3,5,0.033107578001363436,0.0012347079996288812
CanonInDMajor.mp3,6,0.032652248000886175,0.0014541250002366723
CanonInDMajor.mp3,7,0.03111767000063992,0.002149250000002212
CanonInDMajor.mp3,8,0.030179622999185085,0.0020900419999634323
CanonInDMajor.mp3,9,0.02893104000168023,0.001645542000005662
CanonInDMajor.mp3,10,0.023748457000237977,0.0016676660002303834
CanonInDMajor.mp3,11,0.023257918000126665,0.001540041999760433
CanonInDMajor.mp3,12,0.02286741899979461,0.0024617920003038307
CanonInDMajor.mp3,13,0.023941961001582968,0.0017469580002398288
CanonInDMajor.mp3,14,0.02206858399858902,0.0023908749999463907
CanonInDMajor.mp3,15,0.019578877999720135,0.002083834000131901
CanonInDMajor.mp3,16,0.02319562600041536,0.0027603329999692505
CanonInDMajor.mp3,17,0.0209730380001929,0.002516708000257495
CanonInDMajor.mp3,18,0.02094750199921691,0.0021154169999135775
CanonInDMajor.mp3,19,0.01907049899955382,0.0022031670000615122
CanonInDMajor.mp3,20,0.01987691799968161,0.0020325830000729184
CanonInDMajor.mp3,21,0.017711000000872446,0.0027761669998653815
CanonInDMajor.mp3,22,0.019746499000575568,0.0029626670002471656
CanonInDMajor.mp3,23,0.017098668001835904,0.002408124999874417
CanonInDMajor.mp3,24,0.018246749998525047,0.0024043329999585694
CanonInDMajor.mp3,25,0.018367455999396043,0.0031550409998999385
CanonInDMajor.mp3,26,0.017520582999168255,0.0027279589999125164
CanonInDMajor.mp3,27,0.01702012499936245,0.001889042000129848
CanonInDMajor.mp3,28,0.01640741699930004,0.0026707500001066364
CanonInDMajor.mp3,29,0.0178057089988215,0.002362415999868972
CanonInDMajor.mp3,30,0.017289374000029056,0.0037535829997068504
MapleLeafRag.mp3,1,0.04564978899907146,0.0011056250000365253
MapleLeafRag.mp3,2,0.035916837999593554,0.0018134169999939331
MapleLeafRag.mp3,3,0.022356713001045136,0.0012357909999991534
MapleLeafRag.mp3,4,0.021197877998474723,0.0017442499997741834
MapleLeafRag.mp3,5,0.020642501999191154,0.0018517079997764085
MapleLeafRag.mp3,6,0.01760887500086028,0.002069458000278246
MapleLeafRag.mp3,7,0.018064582000533846,0.002234457999747974
MapleLeafRag.mp3,8,0.017999209001573035,0.0027784170001723396
MapleLeafRag.mp3,9,0.014875292998567602,0.002057959000012488
MapleLeafRag.mp3,10,0.01304170900129975,0.0020202079999762645
MapleLeafRag.mp3,11,0.015949710000313644,0.0038109170000097947
MapleLeafRag.mp3,12,0.012364375999823096,0.0017819170002439932
MapleLeafRag.mp3,13,0.012333705999481026,0.0014475829998445988
MapleLeafRag.mp3,14,0.013573999000072945,0.002388666999650013
MapleLeafRag.mp3,15,0.012583878000441473,0.0030377089997273288
MapleLeafRag.mp3,16,0.013290541999595007,0.002243958999770257
MapleLeafRag.mp3,17,0.01247329000125319,0.002432625000437838
MapleLeafRag.mp3,18,0.010572332999799983,0.0022926659999029653
MapleLeafRag.mp3,19,0.012021457999708218,0.0018378750000920263
MapleLeafRag.mp3,20,0.010887459000059607,0.002001041000312398
MapleLeafRag.mp3,21,0.011457585000243853,0.0017484170002717292
MapleLeafRag.mp3,22,0.011765624999952706,0.002544750000197382
MapleLeafRag.mp3,23,0.009960123000382737,0.0029045000001133303
MapleLeafRag.mp3,24,0.013119791998633445,0.0028620839998438896
MapleLeafRag.mp3,25,0.011333332000049268,0.002866708000055951
MapleLeafRag.mp3,26,0.011572122999041312,0.0031243329999597336
MapleLeafRag.mp3,27,0.011747957999887149,0.003920708999885392
MapleLeafRag.mp3,28,0.012278627000796405,0.0028089590000490716
MapleLeafRag.mp3,29,0.010801165999509976,0.0027196669998375
MapleLeafRag.mp3,30,0.01055187499969179,0.003027957999620412
GardenMusic.mp3,1,0.3680637319948801,0.0010299999999006104
GardenMusic.mp3,2,0.3854239560055248,0.003496875000109867
GardenMusic.mp3,3,0.21691386499469445,0.00158191699983945
GardenMusic.mp3,4,0.16076200700445042,0.001892582999971637
GardenMusic.mp3,5,0.18411650000280133,0.0011440409998613177
GardenMusic.mp3,6,0.1983815390012751,0.001277624999602267
GardenMusic.mp3,7,0.16082779399721403,0.0018613339998410083
GardenMusic.mp3,8,0.15224421399989296,0.0013520830002562434
GardenMusic.mp3,9,0.2161915050010066,0.037956916999974055
GardenMusic.mp3,10,0.18985446600572686,0.002358167000238609
GardenMusic.mp3,11,0.13086725199900684,0.0014279160000114643
GardenMusic.mp3,12,0.15817165699900215,0.004208541000025434
GardenMusic.mp3,13,0.19291916499742,0.0235358750001069
GardenMusic.mp3,14,0.13843466600110332,0.0016221250002672605
GardenMusic.mp3,15,0.13725883599681765,0.001636791000237281
GardenMusic.mp3,16,0.10791062499720283,0.0015633750003871683
GardenMusic.mp3,17,0.10780166299491611,0.0016948339998634765
GardenMusic.mp3,18,0.12149934499984738,0.0025233339997612347
GardenMusic.mp3,19,0.10718021000275257,0.001791541999864421
GardenMusic.mp3,20,0.10044791600012104,0.002154415999939374
GardenMusic.mp3,21,0.10313633000032496,0.0018265409999003168
GardenMusic.mp3,22,0.11529637099511092,0.0025805420000324375
GardenMusic.mp3,23,0.11584499099990353,0.0018604580000101123
GardenMusic.mp3,24,0.11270500199725575,0.0018362089999754971
GardenMusic.mp3,25,0.09977079700092872,0.0021191669998188445
GardenMusic.mp3,26,0.08904896099738835,0.0019032499999411812
GardenMusic.mp3,27,0.0955868769983681,0.0032139589998223528
GardenMusic.mp3,28,0.08878179199791703,0.001989874999708263
GardenMusic.mp3,29,0.10031141899889917,0.0024997499999699357
GardenMusic.mp3,30,0.08199162100027024,0.0025448329997743713
SweeterVermouth.mp3,1,0.012325000002419984,0.0020152090000919998
SweeterVermouth.mp3,2,0.005578666000019439,0.0015081249998729618
SweeterVermouth.mp3,3,0.004024331999971764,0.0008504160000484262
SweeterVermouth.mp3,4,0.003432999999859021,0.0008664169999974547
SweeterVermouth.mp3,5,0.002960959000120056,0.0011073750001742155
SweeterVermouth.mp3,6,0.0048602920001030725,0.0020281669999349106
SweeterVermouth.mp3,7,0.0035209580000810092,0.0010971249998874555
SweeterVermouth.mp3,8,0.003731707999122591,0.0014069579997340043
SweeterVermouth.mp3,9,0.0038017920001038874,0.00219733299991276
SweeterVermouth.mp3,10,0.0034322910000810225,0.002475666000009369
SweeterVermouth.mp3,11,0.0032259170002362225,0.0016694999999344873
SweeterVermouth.mp3,12,0.0031249600001501676,0.0017195840000567841
SweeterVermouth.mp3,13,0.0024047510000855254,0.0018812090002029436
SweeterVermouth.mp3,14,0.0037728749998677813,0.0024026249998314597
SweeterVermouth.mp3,15,0.0033855830001812137,0.0021829580000485294
SweeterVermouth.mp3,16,0.002610001000448392,0.0015536670002802566
SweeterVermouth.mp3,17,0.0025595840002097248,0.001453667000077985
SweeterVermouth.mp3,18,0.0028236249995643448,0.0024115829996844695
SweeterVermouth.mp3,19,0.00239683400013746,0.0019938340001317556
SweeterVermouth.mp3,20,0.002389000000221131,0.002093292000154179
SweeterVermouth.mp3,21,0.003152624999984255,0.001998959000047762
SweeterVermouth.mp3,22,0.0029692499997509003,0.0025877079997371766
SweeterVermouth.mp3,23,0.003318290999686724,0.0027231249996475526
SweeterVermouth.mp3,24,0.0032912920000853774,0.0030482500001198787
SweeterVermouth.mp3,25,0.0025564169995959674,0.0025564169995959674
SweeterVermouth.mp3,26,0.0034128339998460433,0.0034128339998460433
SweeterVermouth.mp3,27,0.002277874999890628,0.002277874999890628
SweeterVermouth.mp3,28,0.001790333000371902,0.001790333000371902
SweeterVermouth.mp3,29,0.001686000000063359,0.001686000000063359
SweeterVermouth.mp3,30,0.001802458000383922,0.001802458000383922
BrandenburgNo4OneBWV1049.mp3,1,0.07030732900057046,0.0011262919997534482
BrandenburgNo4OneBWV1049.mp3,2,0.055932276005023596,0.0009486250000918517
BrandenburgNo4OneBWV1049.mp3,3,0.0728855779980222,0.0016847080000843562
BrandenburgNo4OneBWV1049.mp3,4,0.037765879000289715,0.0011537080004018208
BrandenburgNo4OneBWV1049.mp3,5,0.04067283699987456,0.0012528749998637068
BrandenburgNo4OneBWV1049.mp3,6,0.03503966300286265,0.0011692080001921568
BrandenburgNo4OneBWV1049.mp3,7,0.035570124999594555,0.0012138339998273295
BrandenburgNo4OneBWV1049.mp3,8,0.03849504399931902,0.001483333000123821
BrandenburgNo4OneBWV1049.mp3,9,0.03299970299940469,0.001288832999762235
BrandenburgNo4OneBWV1049.mp3,10,0.030265333999523136,0.0015764999998282292
BrandenburgNo4OneBWV1049.mp3,11,0.02945062699882328,0.001516792000074929
BrandenburgNo4OneBWV1049.mp3,12,0.029407375997834606,0.0018868329998440458
BrandenburgNo4OneBWV1049.mp3,13,0.027385751001475,0.0013762500002485467
BrandenburgNo4OneBWV1049.mp3,14,0.02672608400007448,0.0020524999999906868
BrandenburgNo4OneBWV1049.mp3,15,0.02473537599826159,0.0020664170001509774
BrandenburgNo4OneBWV1049.mp3,16,0.02190620600094917,0.001926583000113169
BrandenburgNo4OneBWV1049.mp3,17,0.027696000999185344,0.002132917000380985
BrandenburgNo4OneBWV1049.mp3,18,0.02442779600050926,0.00223908299994946
BrandenburgNo4OneBWV1049.mp3,19,0.02470437400006631,0.0018807079995895037
BrandenburgNo4OneBWV1049.mp3,20,0.022655624000890384,0.0023013330001049326
BrandenburgNo4OneBWV1049.mp3,21,0.02102745699994557,0.00293033399975684
BrandenburgNo4OneBWV1049.mp3,22,0.022928332998617407,0.0023513749997619016
BrandenburgNo4OneBWV1049.mp3,23,0.022517289999086643,0.0019487079998725676
BrandenburgNo4OneBWV1049.mp3,24,0.021492582999599108,0.002428457999940292
BrandenburgNo4OneBWV1049.mp3,25,0.021742626001014287,0.0031227090003085323
BrandenburgNo4OneBWV1049.mp3,26,0.021491081999556627,0.0025332499999422
BrandenburgNo4OneBWV1049.mp3,27,0.020188332999623526,0.00295537499960119
BrandenburgNo4OneBWV1049.mp3,28,0.02138224700001956,0.0026164999999309657
BrandenburgNo4OneBWV1049.mp3,29,0.019167290999575926,0.0018907920002675382
BrandenburgNo4OneBWV1049.mp3,30,0.019046415999582678,0.002625999999963824
CanonInDMajor.mp3,1,0.08569217699823639,0.0009839999997893756
CanonInDMajor.mp3,2,0.07953746799967121,0.001765125000019907
CanonInDMajor.mp3,3,0.04596828800094954,0.0019360829996912798
CanonInDMajor.mp3,4,0.0413587979978729,0.0011777909999182157
CanonInDMajor.mp3,5,0.03677133099972707,0.0012071250002918532
CanonInDMajor.mp3,6,0.033778076998260076,0.0018343330002608127
CanonInDMajor.mp3,7,0.029843417998563382,0.0012495410001065466
CanonInDMajor.mp3,8,0.029454453997914243,0.0012467080000533315
CanonInDMajor.mp3,9,0.027978415000234236,0.0012080420001439052
CanonInDMajor.mp3,10,0.02502683599914235,0.002317832999779057
CanonInDMajor.mp3,11,0.024330960000952473,0.0018973750002260203
CanonInDMajor.mp3,12,0.024002044000553724,0.0014230830001906725
CanonInDMajor.mp3,13,0.023453125001196895,0.002493750000212458
CanonInDMajor.mp3,14,0.020336915999450866,0.0016056250001383887
CanonInDMajor.mp3,15,0.027273374998912914,0.0029173749999245047
CanonInDMajor.mp3,16,0.02230933199825813,0.0028288339999562595
CanonInDMajor.mp3,17,0.019813876000625896,0.002129791000243131
CanonInDMajor.mp3,18,0.019591706000028353,0.002330541999981506
CanonInDMajor.mp3,19,0.02009141500093392,0.00301083300018945
CanonInDMajor.mp3,20,0.020221542000854242,0.002999167000325542
CanonInDMajor.mp3,21,0.02009679199954917,0.002430250000088563
CanonInDMajor.mp3,22,0.01414824899939049,0.0017267500002162706
CanonInDMajor.mp3,23,0.018607208999583236,0.0021497500001714798
CanonInDMajor.mp3,24,0.01772400100071536,0.0035224580001340655
CanonInDMajor.mp3,25,0.017648208000082377,0.0027152080001542345
CanonInDMajor.mp3,26,0.016640999000628653,0.002518415999929857
CanonInDMajor.mp3,27,0.01805508200004624,0.003283707999798935
CanonInDMajor.mp3,28,0.018000332999690727,0.003375540999968507
CanonInDMajor.mp3,29,0.016719665999971767,0.0031187079998744593
CanonInDMajor.mp3,30,0.017010916999424808,0.003407624999908876
MapleLeafRag.mp3,1,0.058318423000855546,0.001739499999985128
MapleLeafRag.mp3,2,0.04111141199746271,0.0016436659998362302
MapleLeafRag.mp3,3,0.01982491399803621,0.0011770000000979053
MapleLeafRag.mp3,4,0.0250452100003713,0.0017927080002664297
MapleLeafRag.mp3,5,0.018031211998732033,0.0013444159999380645
MapleLeafRag.mp3,6,0.018147584000416828,0.0014812920003350882
MapleLeafRag.mp3,7,0.018028958000286366,0.0013344999997570994
MapleLeafRag.mp3,8,0.014918999999736116,0.0019803750001301523
MapleLeafRag.mp3,9,0.015060039000672987,0.0013825000000906584
MapleLeafRag.mp3,10,0.013798374999169027,0.002192250000007334
MapleLeafRag.mp3,11,0.012874581000232865,0.001610625000012078
MapleLeafRag.mp3,12,0.012221164000038698,0.0017306249997091072
MapleLeafRag.mp3,13,0.012929165000059584,0.0015441670002473984
MapleLeafRag.mp3,14,0.013125583000601182,0.0022824160000709526
MapleLeafRag.mp3,15,0.013755000999481126,0.0024858330002643925
MapleLeafRag.mp3,16,0.012834081000619335,0.002827290999903198
MapleLeafRag.mp3,17,0.013643748000504274,0.003137250000236236
MapleLeafRag.mp3,18,0.012663916000292375,0.002383208000082959
MapleLeafRag.mp3,19,0.010432083000068815,0.002410832999885315
MapleLeafRag.mp3,20,0.009398126000633056,0.0023056670002006285
MapleLeafRag.mp3,21,0.011078457000166964,0.0025403330000699498
MapleLeafRag.mp3,22,0.009333830999821657,0.0026046660000247357
MapleLeafRag.mp3,23,0.010572666998996283,0.002770208999663737
MapleLeafRag.mp3,24,0.011024749000171141,0.002724292000038986
MapleLeafRag.mp3,25,0.012284667000130867,0.003437750000102824
MapleLeafRag.mp3,26,0.008651873999497184,0.002743583000210492
MapleLeafRag.mp3,27,0.010614626000005956,0.00254712500009191
MapleLeafRag.mp3,28,0.010712082999361883,0.0020722909998767136
MapleLeafRag.mp3,29,0.011276790999545483,0.002903332999721897
MapleLeafRag.mp3,30,0.010914207000041642,0.003063957999984268
GardenMusic.mp3,1,0.36762431601118806,0.001059207999787759
GardenMusic.mp3,2,0.27005339100242054,0.0011691670001710008
GardenMusic.mp3,3,0.22236583600397353,0.0011935830002585135
GardenMusic.mp3,4,0.20584478101272907,0.001164582999990671
GardenMusic.mp3,5,0.17100088499546473,0.001142125000114902
GardenMusic.mp3,6,0.17685506699626785,0.0011385410002731078
GardenMusic.mp3,7,0.17521844700331712,0.0011894999997821287
GardenMusic.mp3,8,0.19425344600358585,0.0014486669997495483
GardenMusic.mp3,9,0.15404207500023404,0.0014630000000579457
GardenMusic.mp3,10,0.17304945400155702,0.0013776249998045387
GardenMusic.mp3,11,0.1522877859961227,0.0015658339998481097
GardenMusic.mp3,12,0.15301266700134875,0.0024092920002658502
GardenMusic.mp3,13,0.1405753299936805,0.002063749999706488
GardenMusic.mp3,14,0.10507200800293504,0.0031137500000113505
GardenMusic.mp3,15,0.140128126000036,0.0027595829997153487
GardenMusic.mp3,16,0.1280354580007952,0.0026957089999086747
GardenMusic.mp3,17,0.117785162999553,0.0026794580003297597
GardenMusic.mp3,18,0.10654790900025546,0.002176082999994833
GardenMusic.mp3,19,0.11045766900224407,0.0027323750000505242
GardenMusic.mp3,20,0.1016681209998751,0.001986292000310641
GardenMusic.mp3,21,0.10702712599641018,0.002809833999890543
GardenMusic.mp3,22,0.1436420409991115,0.03041712499998539
GardenMusic.mp3,23,0.0975546260037845,0.0018054170000141312
GardenMusic.mp3,24,0.10675554299814394,0.0020289999997658015
GardenMusic.mp3,25,0.09639382999921509,0.0018825839997589355
GardenMusic.mp3,26,0.10842637299765556,0.003313166999760142
GardenMusic.mp3,27,0.10159720899991953,0.0019627090000540193
GardenMusic.mp3,28,0.08508912199795304,0.0019213330001548456
GardenMusic.mp3,29,0.08696396099639969,0.002788833000067825
GardenMusic.mp3,30,0.09742591099757192,0.0020344169997770223
SweeterVermouth.mp3,1,0.007497834000332659,0.0011513750000631262
SweeterVermouth.mp3,2,0.004926541999793699,0.0018033749997812265
SweeterVermouth.mp3,3,0.0026222089995826536,0.0008879580000211718
SweeterVermouth.mp3,4,0.004285998999876028,0.0010196659995926893
SweeterVermouth.mp3,5,0.003836876000605116,0.0010922090000349272
SweeterVermouth.mp3,6,0.0035066249993178644,0.0018494999999347783
SweeterVermouth.mp3,7,0.004782873999829462,0.0019802910001089913
SweeterVermouth.mp3,8,0.004514083000685787,0.0018939159999717958
SweeterVermouth.mp3,9,0.003716625999459211,0.0015992919998097932
SweeterVermouth.mp3,10,0.004771542000071349,0.002078125000025466
SweeterVermouth.mp3,11,0.0028820850002375664,0.0019759589999921445
SweeterVermouth.mp3,12,0.0023417510001308983,0.0016417090000686585
SweeterVermouth.mp3,13,0.0034473740001885744,0.002042666000306781
SweeterVermouth.mp3,14,0.002425041999686073,0.0018944579996968969
SweeterVermouth.mp3,15,0.003512290999879042,0.002159582999865961
SweeterVermouth.mp3,16,0.00236654099990119,0.001987166000162688
SweeterVermouth.mp3,17,0.0029513339995901333,0.0025446669997108984
SweeterVermouth.mp3,18,0.0025699579996398825,0.0022171659998093673
SweeterVermouth.mp3,19,0.0044398340000952885,0.003067125000143278
SweeterVermouth.mp3,20,0.0027005419997294666,0.002386499999829539
SweeterVermouth.mp3,21,0.003098333999787428,0.0020007919997624413
SweeterVermouth.mp3,22,0.0027801259998341266,0.002476209000178642
SweeterVermouth.mp3,23,0.0027963749998889398,0.0017988330000662245
SweeterVermouth.mp3,24,0.0029062079997856927,0.002613749999909487
SweeterVermouth.mp3,25,0.0019645829997898545,0.0019645829997898545
SweeterVermouth.mp3,26,0.002948957999706181,0.002948957999706181
SweeterVermouth.mp3,27,0.0025709999999889988,0.0025709999999889988
SweeterVermouth.mp3,28,0.0022732500001438893,0.0022732500001438893
SweeterVermouth.mp3,29,0.0018983750001098088,0.0018983750001098088
SweeterVermouth.mp3,30,0.002721457999996346,0.002721457999996346
BrandenburgNo4OneBWV1049.mp3,1,0.06886896099831574,0.000920334000056755
BrandenburgNo4OneBWV1049.mp3,2,0.057614705993273674,0.001559124999857886
BrandenburgNo4OneBWV1049.mp3,3,0.05185004199938703,0.0017407500004082976
BrandenburgNo4OneBWV1049.mp3,4,0.04718346699792164,0.0015295840003091143
BrandenburgNo4OneBWV1049.mp3,5,0.04425312300099904,0.001248791000307392
BrandenburgNo4OneBWV1049.mp3,6,0.037269205000029615,0.001669166999818117
BrandenburgNo4OneBWV1049.mp3,7,0.034626205998392834,0.0014434579998123809
BrandenburgNo4OneBWV1049.mp3,8,0.030496207001306175,0.001231375000315893
BrandenburgNo4OneBWV1049.mp3,9,0.0299945329984439,0.0015150409999478143
BrandenburgNo4OneBWV1049.mp3,10,0.03411562400151524,0.0014670420000584272
BrandenburgNo4OneBWV1049.mp3,11,0.026463748000878695,0.0017727500003275054
BrandenburgNo4OneBWV1049.mp3,12,0.025665538999874116,0.001599666999936744
BrandenburgNo4OneBWV1049.mp3,13,0.023365211000964337,0.0017158749997179257
BrandenburgNo4OneBWV1049.mp3,14,0.02727862600067965,0.0016245830001935246
BrandenburgNo4OneBWV1049.mp3,15,0.0261561240008632,0.0019439160000729316
BrandenburgNo4OneBWV1049.mp3,16,0.025158418000046368,0.0019540839998626325
BrandenburgNo4OneBWV1049.mp3,17,0.024585334000676085,0.0020432500000424625
BrandenburgNo4OneBWV1049.mp3,18,0.02305883500002892,0.00236233399982666
BrandenburgNo4OneBWV1049.mp3,19,0.02265420899993842,0.0018659170000319136
BrandenburgNo4OneBWV1049.mp3,20,0.021855084999515384,0.0016274579998025729
BrandenburgNo4OneBWV1049.mp3,21,0.02089683399981368,0.0022671250003440946
BrandenburgNo4OneBWV1049.mp3,22,0.022315833999982715,0.002220374999978958
BrandenburgNo4OneBWV1049.mp3,23,0.021498956999494112,0.0024003340004128404
BrandenburgNo4OneBWV1049.mp3,24,0.01774833200079229,0.002464707999934035
BrandenburgNo4OneBWV1049.mp3,25,0.021646417999818368,0.0024833750003381283
BrandenburgNo4OneBWV1049.mp3,26,0.020852876000390097,0.002559458000177983
BrandenburgNo4OneBWV1049.mp3,27,0.0193426650002948,0.0032632499996907427
BrandenburgNo4OneBWV1049.mp3,28,0.020630665000226145,0.0028859589997409785
BrandenburgNo4OneBWV1049.mp3,29,0.01881683300007353,0.002841415999682795
BrandenburgNo4OneBWV1049.mp3,30,0.019122833000437822,0.002019999999902211
CanonInDMajor.mp3,1,0.08943137999403916,0.00101420800001506
CanonInDMajor.mp3,2,0.06871037100381727,0.0020513340000434255
CanonInDMajor.mp3,3,0.05559829500361957,0.0012956250002389424
CanonInDMajor.mp3,4,0.03404650399943421,0.0018080419999932928
CanonInDMajor.mp3,5,0.034259128995472565,0.002006583999900613
CanonInDMajor.mp3,6,0.032317413999862765,0.0017724579997775436
CanonInDMajor.mp3,7,0.030727128000762605,0.001544041999750334
CanonInDMajor.mp3,8,0.029419162999602122,0.0013222920001680905
CanonInDMajor.mp3,9,0.028411668002718216,0.0013185839998186566
CanonInDMajor.mp3,10,0.02280262599924754,0.0016202500000872533
CanonInDMajor.mp3,11,0.024025248000725696,0.0018497919995752454
CanonInDMajor.mp3,12,0.023111875998438336,0.0022462080000877904
CanonInDMajor.mp3,13,0.02378658399993583,0.002490583000053448
CanonInDMajor.mp3,14,0.02409245400076543,0.002010374999827036
CanonInDMajor.mp3,15,0.01947516900145274,0.0015270420003616891
CanonInDMajor.mp3,16,0.02306116599947927,0.0019558750000214786
CanonInDMajor.mp3,17,0.02011799699994299,0.0018327499997212726
CanonInDMajor.mp3,18,0.019180083000264858,0.0028649579999182606
CanonInDMajor.mp3,19,0.018647750999207346,0.0018122919996130804
CanonInDMajor.mp3,20,0.01880345900053726,0.0022418329999709385
CanonInDMajor.mp3,21,0.01854262400047446,0.002225875000021915
CanonInDMajor.mp3,22,0.020806001999062573,0.0038631249999525608
CanonInDMajor.mp3,23,0.02057983399981822,0.0026255419998051366
CanonInDMajor.mp3,24,0.016397124999912194,0.0024142499996742117
CanonInDMajor.mp3,25,0.0154864579990317,0.0024472079999213747
CanonInDMajor.mp3,26,0.01869341599967811,0.0027175420000276063
CanonInDMajor.mp3,27,0.015076710000812454,0.0018657919999895967
CanonInDMajor.mp3,28,0.018165541000144003,0.002637208999658469
CanonInDMajor.mp3,29,0.015847501000280317,0.0020471249999900465
CanonInDMajor.mp3,30,0.01780820900148683,0.00293554200015933
MapleLeafRag.mp3,1,0.03779308299817785,0.0012225000000398722
MapleLeafRag.mp3,2,0.02585091499349801,0.0016260829997918336
MapleLeafRag.mp3,3,0.019679626002016448,0.0011234170001444
MapleLeafRag.mp3,4,0.01630337500000678,0.001123958999869501
MapleLeafRag.mp3,5,0.020422454999788897,0.001577500000166765
MapleLeafRag.mp3,6,0.01837295900031677,0.0012500419998104917
MapleLeafRag.mp3,7,0.017061706998902082,0.0017612080000617425
MapleLeafRag.mp3,8,0.01684795900064273,0.002110999999786145
MapleLeafRag.mp3,9,0.013450166000438912,0.0012643750001188891
MapleLeafRag.mp3,10,0.01237104299980274,0.001411791999998968
MapleLeafRag.mp3,11,0.012788498999725562,0.0016120410000439733
MapleLeafRag.mp3,12,0.013191832998018072,0.002367582999795559
MapleLeafRag.mp3,13,0.013314666998667235,0.0016665419998389552
MapleLeafRag.mp3,14,0.011459874999673048,0.00152629199965304
MapleLeafRag.mp3,15,0.012387331999889284,0.0022521669998241123
MapleLeafRag.mp3,16,0.012350667999726284,0.0019136670002808387
MapleLeafRag.mp3,17,0.012040460000207531,0.002505959000245639
MapleLeafRag.mp3,18,0.010658291999789071,0.0023729170002297906
MapleLeafRag.mp3,19,0.011081538999405893,0.002325250000012602
MapleLeafRag.mp3,20,0.011663497999961692,0.002089208000143117
MapleLeafRag.mp3,21,0.011290168000414269,0.002525500000047032
MapleLeafRag.mp3,22,0.011424999000155367,0.002045333000296523
MapleLeafRag.mp3,23,0.010777960001178144,0.0021017920003032486
MapleLeafRag.mp3,24,0.009959543000150006,0.0020532919998004218
MapleLeafRag.mp3,25,0.01188329199931104,0.002254416999676323
MapleLeafRag.mp3,26,0.010590498999590636,0.0033030419999704463
MapleLeafRag.mp3,27,0.010705669000344642,0.002301459000136674
MapleLeafRag.mp3,28,0.012994166999760637,0.004420750000008411
MapleLeafRag.mp3,29,0.011399790000268695,0.002648707999924227
MapleLeafRag.mp3,30,0.010466334000284405,0.002959917000225687
GardenMusic.mp3,1,0.366875241994876,0.0010009590000663593
GardenMusic.mp3,2,0.3326633449887595,0.0013718330001211143
GardenMusic.mp3,3,0.18884567999612045,0.001213375000133965
GardenMusic.mp3,4,0.27685088300177085,0.0030625839999629534
GardenMusic.mp3,5,0.1897509569939757,0.0013020829997003602
GardenMusic.mp3,6,0.18136156900118294,0.0012318750000304135
GardenMusic.mp3,7,0.20883170999559297,0.0014560419999725127
GardenMusic.mp3,8,0.16308567199848767,0.0015463340000678727
GardenMusic.mp3,9,0.15288852599678648,0.001396749999912572
GardenMusic.mp3,10,0.1502414969986603,0.0013909170002079918
GardenMusic.mp3,11,0.13975858399817298,0.0016999170002236497
GardenMusic.mp3,12,0.13116978999960338,0.0029559579998021945
GardenMusic.mp3,13,0.11805742400065355,0.0023640409999643452
GardenMusic.mp3,14,0.12052474999973128,0.0015827500001250883
GardenMusic.mp3,15,0.11888608800336442,0.0015697080002610164
GardenMusic.mp3,16,0.11596046200247656,0.0016368330002478615
GardenMusic.mp3,17,0.11643908100177214,0.0024439590001748
GardenMusic.mp3,18,0.11087479299931147,0.0017665420000412269
GardenMusic.mp3,19,0.13968024600035278,0.0030235419999371516
GardenMusic.mp3,20,0.10266266399776214,0.0017390410002917633
GardenMusic.mp3,21,0.12562615900515084,0.001690125000095577
GardenMusic.mp3,22,0.10319166699855487,0.001824625000153901
GardenMusic.mp3,23,0.09712700500131177,0.002201833000071929
GardenMusic.mp3,24,0.087788375002674,0.0016848330001266731
GardenMusic.mp3,25,0.08426674599741091,0.0018390410000392876
GardenMusic.mp3,26,0.09066950699798326,0.0027833340000142925
GardenMusic.mp3,27,0.08549679100087815,0.0019949170000472805
GardenMusic.mp3,28,0.09504308299847253,0.0020540830000754795
GardenMusic.mp3,29,0.08951896099824808,0.0022412090002035256
GardenMusic.mp3,30,0.12214229500068541,0.015270624999629945
SweeterVermouth.mp3,1,0.008623334998446808,0.0010325000002922025
SweeterVermouth.mp3,2,0.005943915000443667,0.0015080409998518007
SweeterVermouth.mp3,3,0.004021210000701103,0.0016867500003172609
SweeterVermouth.mp3,4,0.0035000000002582965,0.0010224580000794958
SweeterVermouth.mp3,5,0.004147833000388346,0.00134870800002318
SweeterVermouth.mp3,6,0.005462416999762354,0.0016349159996025264
SweeterVermouth.mp3,7,0.003814208000221697,0.0018695419998948637
SweeterVermouth.mp3,8,0.003331499000069016,0.0019410830000197166
SweeterVermouth.mp3,9,0.0035983329994451196,0.002115374999902997
SweeterVermouth.mp3,10,0.003158084000006056,0.0015566249999210413
SweeterVermouth.mp3,11,0.0032971650002764363,0.001587166000263096
SweeterVermouth.mp3,12,0.002009624999573134,0.0013239579998298723
SweeterVermouth.mp3,13,0.0038157909998517425,0.00242012499984412
SweeterVermouth.mp3,14,0.0035989579996567045,0.0020819579999624693
SweeterVermouth.mp3,15,0.0030177919998095604,0.002557166999849869
SweeterVermouth.mp3,16,0.0034661250001590815,0.002300583000305778
SweeterVermouth.mp3,17,0.003490083000087907,0.002219583000169223
SweeterVermouth.mp3,18,0.003573208000034356,0.00245150000000649
SweeterVermouth.mp3,19,0.002923334000115574,0.002267584000037459
SweeterVermouth.mp3,20,0.003224332999707258,0.0020633750000342843
SweeterVermouth.mp3,21,0.0030049170004531334,0.0026110830003744923
SweeterVermouth.mp3,22,0.002706333000332961,0.0015909580001789436
SweeterVermouth.mp3,23,0.003546957999787992,0.0024259580000034475
SweeterVermouth.mp3,24,0.002070000000003347,0.0018025000003945024
SweeterVermouth.mp3,25,0.002671083000223007,0.002671083000223007
SweeterVermouth.mp3,26,0.0022166670000842714,0.0022166670000842714
SweeterVermouth.mp3,27,0.003241750000142929,0.003241750000142929
SweeterVermouth.mp3,28,0.0023518749999311694,0.0023518749999311694
SweeterVermouth.mp3,29,0.001923249999890686,0.001923249999890686
SweeterVermouth.mp3,30,0.002036249999946449,0.002036249999946449
BrandenburgNo4OneBWV1049.mp3,1,0.06897045600180718,0.0009012080004140444
BrandenburgNo4OneBWV1049.mp3,2,0.05893112500098141,0.0011341250001351
BrandenburgNo4OneBWV1049.mp3,3,0.04705083299313628,0.0011427499998717394
BrandenburgNo4OneBWV1049.mp3,4,0.039874080000572576,0.0016950839999481104
BrandenburgNo4OneBWV1049.mp3,5,0.03489453599922854,0.0017532080000819406
BrandenburgNo4OneBWV1049.mp3,6,0.04266520999999557,0.0017685829998299596
BrandenburgNo4OneBWV1049.mp3,7,0.0337641649998659,0.0011967079999521957
BrandenburgNo4OneBWV1049.mp3,8,0.031021206997593254,0.0016016250001484877
BrandenburgNo4OneBWV1049.mp3,9,0.032110413000737026,0.00203300000021045
BrandenburgNo4OneBWV1049.mp3,10,0.02885720700123784,0.0015847919999032456
BrandenburgNo4OneBWV1049.mp3,11,0.027004375000615255,0.0012571669999488222
BrandenburgNo4OneBWV1049.mp3,12,0.027224958999340743,0.0016342919998351135
BrandenburgNo4OneBWV1049.mp3,13,0.02495033400145985,0.001674957999966864
BrandenburgNo4OneBWV1049.mp3,14,0.02374500000041735,0.002062084000044706
BrandenburgNo4OneBWV1049.mp3,15,0.024449335001463623,0.001671874999829015
BrandenburgNo4OneBWV1049.mp3,16,0.023873210000147083,0.003161458000249695
BrandenburgNo4OneBWV1049.mp3,17,0.023860416999468725,0.0029423750002024462
BrandenburgNo4OneBWV1049.mp3,18,0.02209212900061175,0.001753750000261789
BrandenburgNo4OneBWV1049.mp3,19,0.026046291000056954,0.002002374999847234
BrandenburgNo4OneBWV1049.mp3,20,0.029130084000371426,0.0029165419996388664
BrandenburgNo4OneBWV1049.mp3,21,0.028632538998408563,0.0041848329997264955
BrandenburgNo4OneBWV1049.mp3,22,0.020737130000270554,0.002309625000179949
BrandenburgNo4OneBWV1049.mp3,23,0.02192912899863586,0.003001583000241226
BrandenburgNo4OneBWV1049.mp3,24,0.01910245700082669,0.0023283339996851282
BrandenburgNo4OneBWV1049.mp3,25,0.020689290000518668,0.0018031670001619204
BrandenburgNo4OneBWV1049.mp3,26,0.0194903739993606,0.003456084000390547
BrandenburgNo4OneBWV1049.mp3,27,0.01857904099915686,0.00295520800000304
BrandenburgNo4OneBWV1049.mp3,28,0.021823956999469374,0.003730459000053088
BrandenburgNo4OneBWV1049.mp3,29,0.01968179100094858,0.002163000000109605
BrandenburgNo4OneBWV1049.mp3,30,0.018892377000156557,0.0036545419998219586
CanonInDMajor.mp3,1,0.08892150000519905,0.0013915409999754047
CanonInDMajor.mp3,2,0.11841433800464074,0.012908790999972553
CanonInDMajor.mp3,3,0.050262457000826544,0.002933166000275378
CanonInDMajor.mp3,4,0.04261658299810733,0.0016468750000058208
CanonInDMajor.mp3,5,0.04544941999984076,0.002555125000071712
CanonInDMajor.mp3,6,0.030084163999163138,0.0011434160001044802
CanonInDMajor.mp3,7,0.030241751998801192,0.0018486250000933069
CanonInDMajor.mp3,8,0.0315764140018473,0.0018288330002178554
CanonInDMajor.mp3,9,0.02829495699779727,0.0019277920000604354
CanonInDMajor.mp3,10,0.02563524699962727,0.0015670410002712742
CanonInDMajor.mp3,11,0.024677332999999635,0.0019508330001372087
CanonInDMajor.mp3,12,0.02255416399839305,0.0014058749998184794
CanonInDMajor.mp3,13,0.025622498999837262,0.0022644999999101856
CanonInDMajor.mp3,14,0.021116250999511976,0.0015088339996509603
CanonInDMajor.mp3,15,0.021085791000132303,0.0014564170000994636
CanonInDMajor.mp3,16,0.02347954400056551,0.0017827499996201368
CanonInDMajor.mp3,17,0.02014296000061222,0.003286874999957945
CanonInDMajor.mp3,18,0.01871850000043196,0.0016812499998195563
CanonInDMajor.mp3,19,0.018413166998016095,0.0020140840001658944
CanonInDMajor.mp3,20,0.017124957999385515,0.0016961249998530548
CanonInDMajor.mp3,21,0.0184492920016055,0.0017298340003435442
CanonInDMajor.mp3,22,0.020560375999593816,0.0032124580002346192
CanonInDMajor.mp3,23,0.015660918000321544,0.0020516250001492153
CanonInDMajor.mp3,24,0.015779872000621253,0.002598750000288419
CanonInDMajor.mp3,25,0.016872831999990012,0.0035634579999168636
CanonInDMajor.mp3,26,0.016581458000473503,0.0028677499999503198
CanonInDMajor.mp3,27,0.01650783499917452,0.003209708999747818
CanonInDMajor.mp3,28,0.015801581999312475,0.0029499580000447168
CanonInDMajor.mp3,29,0.015565457000320748,0.0025142499998764833
CanonInDMajor.mp3,30,0.01731387699919651,0.0027500840001266624
MapleLeafRag.mp3,1,0.05484879299774548,0.0010533749996284314
MapleLeafRag.mp3,2,0.04098033700165615,0.0016467499999635038
MapleLeafRag.mp3,3,0.02148620700245374,0.0012290829999983544
MapleLeafRag.mp3,4,0.022281290001501475,0.0013473750000230211
MapleLeafRag.mp3,5,0.018799751001552067,0.001792958999885741
MapleLeafRag.mp3,6,0.02596512299942333,0.0027356659998076793
MapleLeafRag.mp3,7,0.02391041600048993,0.0016016660001696437
MapleLeafRag.mp3,8,0.020654209999065642,0.0016479579999213456
MapleLeafRag.mp3,9,0.016320416000326077,0.00155183400011083
MapleLeafRag.mp3,10,0.017629997999847546,0.002229875000011816
MapleLeafRag.mp3,11,0.014935625999441982,0.0015330000001085864
MapleLeafRag.mp3,12,0.013227998998900148,0.001840916999753972
MapleLeafRag.mp3,13,0.01335291500117819,0.002115040999797202
MapleLeafRag.mp3,14,0.014477250000254571,0.002396374999989348
MapleLeafRag.mp3,15,0.016028293000090343,0.0023796250002305896
MapleLeafRag.mp3,16,0.011879290000251785,0.0017384590000801836
MapleLeafRag.mp3,17,0.013850582000486611,0.0017952080002032744
MapleLeafRag.mp3,18,0.014354873999764095,0.0018446670001139864
MapleLeafRag.mp3,19,0.01293354100016586,0.0020884589998786396
MapleLeafRag.mp3,20,0.011793165001108719,0.0025871660000120755
MapleLeafRag.mp3,21,0.011196499999186926,0.0017712920002850296
MapleLeafRag.mp3,22,0.010567707999598497,0.0019459999998616695
MapleLeafRag.mp3,23,0.009092167999824596,0.002029917000072601
MapleLeafRag.mp3,24,0.010448581999753515,0.0018853329997909896
MapleLeafRag.mp3,25,0.009693791999779933,0.0023872090000622848
MapleLeafRag.mp3,26,0.010721707999891805,0.0031497079999098787
MapleLeafRag.mp3,27,0.010236458999770548,0.0032716249997974955
MapleLeafRag.mp3,28,0.010803126000155316,0.0031672499999331194
MapleLeafRag.mp3,29,0.009447666000596655,0.0030090000000200234
MapleLeafRag.mp3,30,0.009786376000192831,0.0027855840003212506
GardenMusic.mp3,1,0.3706182320070184,0.0010240410001642886
GardenMusic.mp3,2,0.28885658701074135,0.001494500000262633
GardenMusic.mp3,3,0.28003127699776087,0.0019421659999352414
GardenMusic.mp3,4,0.23794320899560262,0.0026569159999780823
GardenMusic.mp3,5,0.1754310809974413,0.0020111670000915183
GardenMusic.mp3,6,0.20239111999353554,0.00139929100032532
GardenMusic.mp3,7,0.19184937500222077,0.0023553330001959694
GardenMusic.mp3,8,0.16193475499812848,0.003826333000233717
GardenMusic.mp3,9,0.1699080849980419,0.0036140839997642615
GardenMusic.mp3,10,0.14634826400288148,0.002157833000183018
GardenMusic.mp3,11,0.1607276309982808,0.004163250000146945
GardenMusic.mp3,12,0.11717895800211409,0.003409165999983088
GardenMusic.mp3,13,0.12598554299984244,0.0014918329998181434
GardenMusic.mp3,14,0.11729596600116565,0.002033792000020185
GardenMusic.mp3,15,0.11569624399771783,0.0014378749997376872
GardenMusic.mp3,16,0.113965996000843,0.001580874999945081
GardenMusic.mp3,17,0.11943496299954859,0.004500542000187124
GardenMusic.mp3,18,0.10781054599874551,0.004587791000176367
GardenMusic.mp3,19,0.10829654399822175,0.002823499999976775
GardenMusic.mp3,20,0.16951354100046956,0.0053700000003118475
GardenMusic.mp3,21,0.12135329700186048,0.0024374160002480494
GardenMusic.mp3,22,0.16560674299716993,0.00824091699996643
GardenMusic.mp3,23,0.1296326619994943,0.003918500000054337
GardenMusic.mp3,24,0.127572122998572,0.00435070799994719
GardenMusic.mp3,25,0.12956771400376965,0.0046272500003397
GardenMusic.mp3,26,0.09208537100221292,0.0025701669997033605
GardenMusic.mp3,27,0.08924879599544511,0.004191499999706139
GardenMusic.mp3,28,0.1003632040010416,0.002215917000285117
GardenMusic.mp3,29,0.09915299499834873,0.003644291999989946
GardenMusic.mp3,30,0.08289399900286298,0.0019634170002973406
SweeterVermouth.mp3,1,0.011205497999526415,0.0011956250000366708
SweeterVermouth.mp3,2,0.005039669000325375,0.0017451670000809827
SweeterVermouth.mp3,3,0.0037007090004408383,0.0015829590001885663
SweeterVermouth.mp3,4,0.005093167999348225,0.001960833999874012
SweeterVermouth.mp3,5,0.0049992510002994095,0.0018424579998281843
SweeterVermouth.mp3,6,0.04107129200065174,0.03237237500025003
SweeterVermouth.mp3,7,0.0030873749997226696,0.0012034999999741558
SweeterVermouth.mp3,8,0.002868792000299436,0.0019148750002386805
SweeterVermouth.mp3,9,0.003143500000533095,0.0017932079999809503
SweeterVermouth.mp3,10,0.0025003750001815206,0.0011851250001200242
SweeterVermouth.mp3,11,0.0037529169994741096,0.0020980839999538148
SweeterVermouth.mp3,12,0.0020150000000285218,0.0013509999998859712
SweeterVermouth.mp3,13,0.003183082999839826,0.0017773330000636633
SweeterVermouth.mp3,14,0.002667750000000524,0.0019827080000140995
SweeterVermouth.mp3,15,0.007075459000589035,0.00480687500021304
SweeterVermouth.mp3,16,0.0034380839997538715,0.0023640839999643504
SweeterVermouth.mp3,17,0.0035131250001541048,0.0023111250002330053
SweeterVermouth.mp3,18,0.003179000999807613,0.0020367089996398136
SweeterVermouth.mp3,19,0.003939000000627857,0.002822125000420783
SweeterVermouth.mp3,20,0.00252520799949707,0.0022077079997870896
SweeterVermouth.mp3,21,0.0032390419996772835,0.002029582999966806
SweeterVermouth.mp3,22,0.0037996670002939936,0.002796125000259053
SweeterVermouth.mp3,23,0.0026862909999181284,0.001607582999895385
SweeterVermouth.mp3,24,0.0027124170001116,0.00241116699999111
SweeterVermouth.mp3,25,0.0017662499999460124,0.0017662499999460124
SweeterVermouth.mp3,26,0.0032170829999813577,0.0032170829999813577
SweeterVermouth.mp3,27,0.002510457999960636,0.002510457999960636
SweeterVermouth.mp3,28,0.0022261669996623823,0.0022261669996623823
SweeterVermouth.mp3,29,0.0021047499999440333,0.0021047499999440333
SweeterVermouth.mp3,30,0.0022244169999794394,0.0022244169999794394
BrandenburgNo4OneBWV1049.mp3,1,0.081648489001509,0.0009591250000084983
BrandenburgNo4OneBWV1049.mp3,2,0.08952187300201331,0.0025245000001632434
BrandenburgNo4OneBWV1049.mp3,3,0.0596626649994505,0.0010767919998215802
BrandenburgNo4OneBWV1049.mp3,4,0.035543339000014385,0.0015794999999343418
BrandenburgNo4OneBWV1049.mp3,5,0.034968997002124524,0.0010792080001920112
BrandenburgNo4OneBWV1049.mp3,6,0.04630362400075683,0.002407749999747466
BrandenburgNo4OneBWV1049.mp3,7,0.04053279400068277,0.0013158330002625007
BrandenburgNo4OneBWV1049.mp3,8,0.0345026240011066,0.0020682920003309846
BrandenburgNo4OneBWV1049.mp3,9,0.029450661000282707,0.0012956250002389424
BrandenburgNo4OneBWV1049.mp3,10,0.028791503000775265,0.0015114580000954447
BrandenburgNo4OneBWV1049.mp3,11,0.029669580999325262,0.0020441669998945144
BrandenburgNo4OneBWV1049.mp3,12,0.0324233340002138,0.001771416000337922
BrandenburgNo4OneBWV1049.mp3,13,0.027446001997759595,0.0024304999997184495
BrandenburgNo4OneBWV1049.mp3,14,0.024022914002671314,0.002076708000004146
BrandenburgNo4OneBWV1049.mp3,15,0.025583289999303815,0.002697292000448215
BrandenburgNo4OneBWV1049.mp3,16,0.023820792001515656,0.0027770420001616003
BrandenburgNo4OneBWV1049.mp3,17,0.02422637399922678,0.0025310420001005696
BrandenburgNo4OneBWV1049.mp3,18,0.02751658200077145,0.0032011250000323344
BrandenburgNo4OneBWV1049.mp3,19,0.02551791499945466,0.0019861660002788994
BrandenburgNo4OneBWV1049.mp3,20,0.026590456999656453,0.0029952089998914744
BrandenburgNo4OneBWV1049.mp3,21,0.023009208999610564,0.0024917910000112897
BrandenburgNo4OneBWV1049.mp3,22,0.02260633100013365,0.0023449579998668924
BrandenburgNo4OneBWV1049.mp3,23,0.024144586001057178,0.0033410420001018792
BrandenburgNo4OneBWV1049.mp3,24,0.020600833999196766,0.0027500829996824905
BrandenburgNo4OneBWV1049.mp3,25,0.020090499999696476,0.0025604170000406157
BrandenburgNo4OneBWV1049.mp3,26,0.019982333000371,0.002814958000271872
BrandenburgNo4OneBWV1049.mp3,27,0.02120116600099209,0.003520499999922322
BrandenburgNo4OneBWV1049.mp3,28,0.020031959998959792,0.0021794999997837294
BrandenburgNo4OneBWV1049.mp3,29,0.023014416000478377,0.0029392500000540167
BrandenburgNo4OneBWV1049.mp3,30,0.02121945900034916,0.003097250000337226
CanonInDMajor.mp3,1,0.1279914940009803,0.0010373750001235749
CanonInDMajor.mp3,2,0.07656133699720158,0.0011860409999826516
CanonInDMajor.mp3,3,0.04982199800042508,0.0054535829999622365
CanonInDMajor.mp3,4,0.04030878899857271,0.002047167000000627
CanonInDMajor.mp3,5,0.033931794996533426,0.001231457999892882
CanonInDMajor.mp3,6,0.032162833999336726,0.0012074579999534762
CanonInDMajor.mp3,7,0.0396817490027388,0.0014068330001464346
CanonInDMajor.mp3,8,0.04367587699834985,0.00403545800008942
CanonInDMajor.mp3,9,0.03321354200033966,0.0021174170001359016
CanonInDMajor.mp3,10,0.04086175099882894,0.0019601669996518467
CanonInDMajor.mp3,11,0.035741750998113275,0.002270667000175308
CanonInDMajor.mp3,12,0.040447206999942864,0.004137750000154483
CanonInDMajor.mp3,13,0.028287496999837458,0.0021557089999078016
CanonInDMajor.mp3,14,0.038575624000714015,0.004726166000182275
CanonInDMajor.mp3,15,0.024611668000034115,0.00231158399992637
CanonInDMajor.mp3,16,0.02527650199999698,0.002584750000096392
CanonInDMajor.mp3,17,0.022719206999227026,0.002236833000097249
CanonInDMajor.mp3,18,0.02217775100052677,0.0023025000000416185
CanonInDMajor.mp3,19,0.024999416999889945,0.003488791000108904
CanonInDMajor.mp3,20,0.02080704300033176,0.002468582999881619
CanonInDMajor.mp3,21,0.02126920900082041,0.0019132079996779794
CanonInDMajor.mp3,22,0.02377620600100272,0.00275462499985224
CanonInDMajor.mp3,23,0.02438083400056712,0.0030850420002934698
CanonInDMajor.mp3,24,0.01803145800022321,0.002003707999847393
CanonInDMajor.mp3,25,0.021286833999511146,0.002577166999799374
CanonInDMajor.mp3,26,0.021574999999756983,0.002967207999972743
CanonInDMajor.mp3,27,0.023079335000147694,0.004369084000245493
CanonInDMajor.mp3,28,0.021411249998436688,0.0027418750000833825
CanonInDMajor.mp3,29,0.020745628000440774,0.0030399170000237064
CanonInDMajor.mp3,30,0.02017879299910419,0.002842332999989594
MapleLeafRag.mp3,1,0.07446400799699404,0.004349041999830661
MapleLeafRag.mp3,2,0.03341833000058614,0.0019130000000586733
MapleLeafRag.mp3,3,0.02413316599722748,0.00183954200019798
MapleLeafRag.mp3,4,0.01581454400138682,0.0014537910001308774
MapleLeafRag.mp3,5,0.018981872000949807,0.0010994579997714027
MapleLeafRag.mp3,6,0.01857424800073204,0.0014164580002216098
MapleLeafRag.mp3,7,0.01786337299972729,0.001811209000152303
MapleLeafRag.mp3,8,0.015592707000905648,0.001944542000273941
MapleLeafRag.mp3,9,0.015559873999791307,0.0016384579998884874
MapleLeafRag.mp3,10,0.012776291000136553,0.0019776250001086737
MapleLeafRag.mp3,11,0.02010866700038605,0.0030699999997523264
MapleLeafRag.mp3,12,0.014843000999917422,0.0017889580003611627
MapleLeafRag.mp3,13,0.013630876999286556,0.0020486670000536833
MapleLeafRag.mp3,14,0.013657292000061716,0.0018203750000793661
MapleLeafRag.mp3,15,0.012697958000899234,0.002440541999931156
MapleLeafRag.mp3,16,0.011654291000922967,0.0018097500001204025
MapleLeafRag.mp3,17,0.012802167000700138,0.002343000000109896
MapleLeafRag.mp3,18,0.011756083999443945,0.002674708000085957
MapleLeafRag.mp3,19,0.011802043999978196,0.0024765420002950123
MapleLeafRag.mp3,20,0.011183959000391042,0.002573500000380591
MapleLeafRag.mp3,21,0.011295790999156452,0.0018047080002361326
MapleLeafRag.mp3,22,0.011502624000968353,0.0021395830003712035
MapleLeafRag.mp3,23,0.010975624000366224,0.0018381250001766603
MapleLeafRag.mp3,24,0.011108334999335057,0.0025653749999037245
MapleLeafRag.mp3,25,0.009229206999862072,0.002483540999946854
MapleLeafRag.mp3,26,0.013001375999465381,0.002817833999870345
MapleLeafRag.mp3,27,0.009797665999940364,0.0026619159998517716
MapleLeafRag.mp3,28,0.009317541999735113,0.003179875000114407
MapleLeafRag.mp3,29,0.010406372999568703,0.0027886660000149277
MapleLeafRag.mp3,30,0.010187292000409798,0.002634334000049421
GardenMusic.mp3,1,0.37623766500428246,0.0010801250000440632
GardenMusic.mp3,2,0.36440139200021804,0.00200920799989035
GardenMusic.mp3,3,0.270905068997763,0.004125958000258834
GardenMusic.mp3,4,0.20460922199163178,0.003846540999802528
GardenMusic.mp3,5,0.21170759099186398,0.0021427500000754662
GardenMusic.mp3,6,0.23236169900656023,0.001642124999762018
GardenMusic.mp3,7,0.17675946099916473,0.003102874999967753
GardenMusic.mp3,8,0.1599623790007172,0.001381416000185709
GardenMusic.mp3,9,0.1606632399980299,0.0013795419999951264
GardenMusic.mp3,10,0.1434157460012102,0.0031181250001282024
GardenMusic.mp3,11,0.13527116200384626,0.0014103339999564923
GardenMusic.mp3,12,0.13438241199855838,0.002042625000285625
GardenMusic.mp3,13,0.15014208599723133,0.00367304100018373
GardenMusic.mp3,14,0.1277942119954787,0.002477708999776951
GardenMusic.mp3,15,0.11873891999857733,0.0015606669999215228
GardenMusic.mp3,16,0.12348095800280134,0.0015708330001871218
GardenMusic.mp3,17,0.11148691799962762,0.001755124999817781
GardenMusic.mp3,18,0.1136792440024692,0.0016586659999120457
GardenMusic.mp3,19,0.1094786599960571,0.0016537079995941895
GardenMusic.mp3,20,0.11875737800255592,0.003131583000140381
GardenMusic.mp3,21,0.10626790799869923,0.0026379169999017904
GardenMusic.mp3,22,0.10690212099916607,0.0018786670002555184
GardenMusic.mp3,23,0.12597824599970409,0.024130499999955646
GardenMusic.mp3,24,0.0957425370047531,0.0020114160001867276
GardenMusic.mp3,25,0.09166795499686486,0.001976999999897089
GardenMusic.mp3,26,0.09116750399880402,0.001837999999679596
GardenMusic.mp3,27,0.0931366989984781,0.0019478330000310962
GardenMusic.mp3,28,0.09259625400045479,0.0037627090000569297
GardenMusic.mp3,29,0.11122383300289584,0.008924333999857481
GardenMusic.mp3,30,0.0822257470031218,0.001994665999973222
SweeterVermouth.mp3,1,0.006903669999701378,0.001165124999715772
SweeterVermouth.mp3,2,0.006799249998493906,0.0013878330000807182
SweeterVermouth.mp3,3,0.007687749999149673,0.0012647499997910927
SweeterVermouth.mp3,4,0.0036952940004084667,0.0017487919999439328
SweeterVermouth.mp3,5,0.004285917999823141,0.0014437089998864394
SweeterVermouth.mp3,6,0.004040708999582421,0.0017818340002122568
SweeterVermouth.mp3,7,0.004368790999706107,0.002331584000330622
SweeterVermouth.mp3,8,0.0037882070000705426,0.0019539580002856383
SweeterVermouth.mp3,9,0.003916959999969549,0.0014260839998314623
SweeterVermouth.mp3,10,0.003818625999883807,0.0019790839996858267
SweeterVermouth.mp3,11,0.00254729100061013,0.00123512500022116
SweeterVermouth.mp3,12,0.003323333000025741,0.0015545000001111475
SweeterVermouth.mp3,13,0.0035298340003464546,0.0020677090001299803
SweeterVermouth.mp3,14,0.002898499999901105,0.002335582999876351
SweeterVermouth.mp3,15,0.0036414579999473062,0.0023627079999641865
SweeterVermouth.mp3,16,0.003404459000194038,0.0022671250003440946
SweeterVermouth.mp3,17,0.0023836250002204906,0.002010292000250047
SweeterVermouth.mp3,18,0.003314042000056361,0.0022894590001669712
SweeterVermouth.mp3,19,0.003141207999760809,0.001977916999749141
SweeterVermouth.mp3,20,0.0035173340002074838,0.00238516699982938
SweeterVermouth.mp3,21,0.0027436250002210727,0.0016882500003703171
SweeterVermouth.mp3,22,0.0036299999997027044,0.0025745419998202124
SweeterVermouth.mp3,23,0.0031688330004726595,0.00289187500038679
SweeterVermouth.mp3,24,0.0022915829999874404,0.002016249999996944
SweeterVermouth.mp3,25,0.002537958000175422,0.002537958000175422
SweeterVermouth.mp3,26,0.0027754160000768024,0.0027754160000768024
SweeterVermouth.mp3,27,0.0027885829999831913,0.0027885829999831913
SweeterVermouth.mp3,28,0.0028467500001170265,0.0028467500001170265
SweeterVermouth.mp3,29,0.0024833340003169724,0.0024833340003169724
SweeterVermouth.mp3,30,0.0018898329999501584,0.0018898329999501584
BrandenburgNo4OneBWV1049.mp3,1,0.0687001759974919,0.0009814999998525309
BrandenburgNo4OneBWV1049.mp3,2,0.058849327992902545,0.0012330000004112662
BrandenburgNo4OneBWV1049.mp3,3,0.04790349699851504,0.001168541999959416
BrandenburgNo4OneBWV1049.mp3,4,0.0385136270001567,0.0016697080000085407
BrandenburgNo4OneBWV1049.mp3,5,0.034172877997662,0.0015904580000096757
BrandenburgNo4OneBWV1049.mp3,6,0.0357230040012837,0.001120791999710491
BrandenburgNo4OneBWV1049.mp3,7,0.029738500998973905,0.0012461249998523272
BrandenburgNo4OneBWV1049.mp3,8,0.030186415998741722,0.0012469999996937986
BrandenburgNo4OneBWV1049.mp3,9,0.03432345200144482,0.0015747080001347058
BrandenburgNo4OneBWV1049.mp3,10,0.029630835000261868,0.0016686250000930158
BrandenburgNo4OneBWV1049.mp3,11,0.027376086000913347,0.0013054159999228432
BrandenburgNo4OneBWV1049.mp3,12,0.02715225199926863,0.0017406669999218138
BrandenburgNo4OneBWV1049.mp3,13,0.02592616999936581,0.0021097920002830506
BrandenburgNo4OneBWV1049.mp3,14,0.02432325000063429,0.0014176670001688763
BrandenburgNo4OneBWV1049.mp3,15,0.025438832998588623,0.0021300420003171894
BrandenburgNo4OneBWV1049.mp3,16,0.023948044999997364,0.0017260419999729493
BrandenburgNo4OneBWV1049.mp3,17,0.026913872000932315,0.0016130829999383423
BrandenburgNo4OneBWV1049.mp3,18,0.022011078998730227,0.0017745830000421847
BrandenburgNo4OneBWV1049.mp3,19,0.021896913998716627,0.0025135830001090653
BrandenburgNo4OneBWV1049.mp3,20,0.02152054199950726,0.002415790999748424
BrandenburgNo4OneBWV1049.mp3,21,0.02396095899894135,0.0028231669998604048
BrandenburgNo4OneBWV1049.mp3,22,0.021593291000954196,0.0039132500000960135
BrandenburgNo4OneBWV1049.mp3,23,0.021221170999524475,0.0026953749998028798
BrandenburgNo4OneBWV1049.mp3,24,0.02088312300020334,0.002502332999938517
BrandenburgNo4OneBWV1049.mp3,25,0.018964250000408356,0.0030311669997900026
BrandenburgNo4OneBWV1049.mp3,26,0.019305333000374958,0.002962000000025
BrandenburgNo4OneBWV1049.mp3,27,0.01987216799852831,0.0018558329998086265
BrandenburgNo4OneBWV1049.mp3,28,0.01998458300022321,0.0023762920000081067
BrandenburgNo4OneBWV1049.mp3,29,0.019665667999561265,0.002692499999739084
BrandenburgNo4OneBWV1049.mp3,30,0.02040262599939524,0.0024191249999603315
CanonInDMajor.mp3,1,0.08589028600044912,0.0010990829996444518
CanonInDMajor.mp3,2,0.07372775200110482,0.0017840000000433065
CanonInDMajor.mp3,3,0.05553674800239605,0.0012445829997886904
CanonInDMajor.mp3,4,0.04046995799853903,0.0012620829998013505
CanonInDMajor.mp3,5,0.03829625400021541,0.0016920420002861647
CanonInDMajor.mp3,6,0.03081116800149175,0.001193166000120982
CanonInDMajor.mp3,7,0.029782041999624198,0.0021459999998114654
CanonInDMajor.mp3,8,0.029655753999577428,0.0014689159997942625
CanonInDMajor.mp3,9,0.028146916999958194,0.00229470800013587
CanonInDMajor.mp3,10,0.02596066900059668,0.0019497920002322644
CanonInDMajor.mp3,11,0.025578750000477157,0.0024765410003055877
CanonInDMajor.mp3,12,0.023980707999271544,0.0021120830001564173
CanonInDMajor.mp3,13,0.01908954100099436,0.0013837080000485003
CanonInDMajor.mp3,14,0.02172991700035709,0.002009457999974984
CanonInDMajor.mp3,15,0.021675917001630296,0.002566083000147046
CanonInDMajor.mp3,16,0.021272958999361435,0.0026197920001322927
CanonInDMajor.mp3,17,0.019292996999411116,0.002382749999924272
CanonInDMajor.mp3,18,0.019320961999710562,0.001847667000220099
CanonInDMajor.mp3,19,0.020014122999782558,0.0019007500000043365
CanonInDMajor.mp3,20,0.018855627000448294,0.0021509170001081657
CanonInDMajor.mp3,21,0.018726374001289514,0.002389332999882754
CanonInDMajor.mp3,22,0.020653915999446326,0.0024725839998609445
CanonInDMajor.mp3,23,0.016906623999602743,0.00232087499989575
CanonInDMajor.mp3,24,0.01758183299943994,0.004035541000121157
CanonInDMajor.mp3,25,0.01639216800003851,0.0024927089998527663
CanonInDMajor.mp3,26,0.017914540999754536,0.003407249999781925
CanonInDMajor.mp3,27,0.01611066600025879,0.003084208000018407
CanonInDMajor.mp3,28,0.01816691699968942,0.003920041999663226
CanonInDMajor.mp3,29,0.015585540999836667,0.002647916000114492
CanonInDMajor.mp3,30,0.016618875001313427,0.0023095409997040406
MapleLeafRag.mp3,1,0.06180308299781245,0.0016599169998698926
MapleLeafRag.mp3,2,0.03357608699843695,0.0010607500003061432
MapleLeafRag.mp3,3,0.026959580000948336,0.0011923339998247684
MapleLeafRag.mp3,4,0.024497459999565763,0.0011645409999800904
MapleLeafRag.mp3,5,0.018411204999210895,0.0011414579998927366
MapleLeafRag.mp3,6,0.017938959999355575,0.002654542000072979
MapleLeafRag.mp3,7,0.01809395599866548,0.0018633340000633325
MapleLeafRag.mp3,8,0.015157667000494257,0.0020045830001436116
MapleLeafRag.mp3,9,0.014342084999952931,0.0014821250001659791
MapleLeafRag.mp3,10,0.014329458001157036,0.002054459000191855
MapleLeafRag.mp3,11,0.012818124998830172,0.00161908299969582
MapleLeafRag.mp3,12,0.013126875999205367,0.002190790999975434
MapleLeafRag.mp3,13,0.013978916999803914,0.00200370800030214
MapleLeafRag.mp3,14,0.013108083000133774,0.0027594160001171986
MapleLeafRag.mp3,15,0.013549332999900798,0.0028716670003632316
MapleLeafRag.mp3,16,0.010838915000476845,0.002263290999962919
MapleLeafRag.mp3,17,0.013304164999226487,0.0033240829998248955
MapleLeafRag.mp3,18,0.011221789999581233,0.0016005829997993715
MapleLeafRag.mp3,19,0.011092876000475371,0.0018737919999693986
MapleLeafRag.mp3,20,0.01199841500056209,0.0023634580002180883
MapleLeafRag.mp3,21,0.007932999999866297,0.0016170419999070873
MapleLeafRag.mp3,22,0.010564541000348981,0.0019561660001272685
MapleLeafRag.mp3,23,0.012238584000442643,0.002103499999975611
MapleLeafRag.mp3,24,0.00993237600005159,0.00265316700006224
MapleLeafRag.mp3,25,0.011506542999541125,0.00335541699996611
MapleLeafRag.mp3,26,0.011214500999813026,0.0026983339998878364
MapleLeafRag.mp3,27,0.011846166999930574,0.003089708000061364
MapleLeafRag.mp3,28,0.013648376999753964,0.0038532089997715957
MapleLeafRag.mp3,29,0.011469207999653008,0.0029273750001266308
MapleLeafRag.mp3,30,0.010843249000117794,0.002646207999987382
GardenMusic.mp3,1,0.3663276680085801,0.0010071250003420573
GardenMusic.mp3,2,0.2646193029841015,0.0010301250003976747
GardenMusic.mp3,3,0.17751092500020604,0.0010489159999451658
GardenMusic.mp3,4,0.21528254700115212,0.0011373339998499432
GardenMusic.mp3,5,0.14634584799705408,0.0012131249995945836
GardenMusic.mp3,6,0.14436249999789652,0.0011315830001876748
GardenMusic.mp3,7,0.1992389990009542,0.001246625000021595
GardenMusic.mp3,8,0.15466524600151388,0.0012907089999316668
GardenMusic.mp3,9,0.14201179600195246,0.0017588750001777953
GardenMusic.mp3,10,0.14977511200231675,0.0021320839996405994
GardenMusic.mp3,11,0.12641912199796934,0.0013354170000638987
GardenMusic.mp3,12,0.12892133899958935,0.0014714159997311071
GardenMusic.mp3,13,0.1280516719998559,0.0014396249998753774
GardenMusic.mp3,14,0.11884178999844153,0.0015602080002281582
GardenMusic.mp3,15,0.12300712000569547,0.0022186249998412677
GardenMusic.mp3,16,0.11572116299748814,0.0015190839999377204
GardenMusic.mp3,17,0.11352141499764912,0.0017197079996549292
GardenMusic.mp3,18,0.11230796200106852,0.0024894580001273425
GardenMusic.mp3,19,0.10995386900049198,0.0016547499999433057
GardenMusic.mp3,20,0.10572320300070714,0.0016542500002287852
GardenMusic.mp3,21,0.0989625379993413,0.001762417000009009
GardenMusic.mp3,22,0.09954604400263634,0.0017354579999846464
GardenMusic.mp3,23,0.12530795500015302,0.009301374999722611
GardenMusic.mp3,24,0.09286974799761083,0.0017530000000078871
GardenMusic.mp3,25,0.09168516499767065,0.0017324580003332812
GardenMusic.mp3,26,0.1077528769988021,0.0017937079996954708
GardenMusic.mp3,27,0.09157753900171883,0.0027172079999218113
GardenMusic.mp3,28,0.10387695899908067,0.0026439170001140155
GardenMusic.mp3,29,0.09725378799930695,0.0022074999997130362
GardenMusic.mp3,30,0.09533028599980753,0.001967125000192027
SweeterVermouth.mp3,1,0.010715415000049688,0.0018942500000775908
SweeterVermouth.mp3,2,0.005305458999828261,0.001518666999800189
SweeterVermouth.mp3,3,0.003633250999428128,0.0008659999998599233
SweeterVermouth.mp3,4,0.0038434580001194263,0.0011139170001115417
SweeterVermouth.mp3,5,0.0037678759999835165,0.0011157500002809684
SweeterVermouth.mp3,6,0.0043096249992231606,0.0013236659997346578
SweeterVermouth.mp3,7,0.0032261239994113566,0.0015213329998005065
SweeterVermouth.mp3,8,0.0051489590005076025,0.0026925000001938315
SweeterVermouth.mp3,9,0.003710832999786362,0.0018504169997868303
SweeterVermouth.mp3,10,0.0023655840000174067,0.0015163749999373977
SweeterVermouth.mp3,11,0.003540375000284257,0.0017118330001721915
SweeterVermouth.mp3,12,0.002531666000777477,0.0018976250003106543
SweeterVermouth.mp3,13,0.0017463749995840772,0.0011963749998358253
SweeterVermouth.mp3,14,0.00334216600003856,0.002786832999845501
SweeterVermouth.mp3,15,0.002014583999880415,0.0016124169997056015
SweeterVermouth.mp3,16,0.004035874000237527,0.0027687080000760034
SweeterVermouth.mp3,17,0.002693959000225732,0.002018042000145215
SweeterVermouth.mp3,18,0.0020829999998568383,0.0017674999999144347
SweeterVermouth.mp3,19,0.0038030830000934657,0.002466207999987091
SweeterVermouth.mp3,20,0.001738209000450297,0.0014553750002050947
SweeterVermouth.mp3,21,0.0037784169994665717,0.0025417079996259417
SweeterVermouth.mp3,22,0.003341958000419254,0.003049375000045984
SweeterVermouth.mp3,23,0.003085707999616716,0.0027809999996861734
SweeterVermouth.mp3,24,0.0019374580001567665,0.001629708000109531
SweeterVermouth.mp3,25,0.0021357919999900332,0.0021357919999900332
SweeterVermouth.mp3,26,0.002434125000036147,0.002434125000036147
SweeterVermouth.mp3,27,0.003330707999793958,0.003330707999793958
SweeterVermouth.mp3,28,0.002466458000071725,0.002466458000071725
SweeterVermouth.mp3,29,0.002910249999786174,0.002910249999786174
SweeterVermouth.mp3,30,0.0028177500003039313,0.0028177500003039313
BrandenburgNo4OneBWV1049.mp3,1,0.06992249900258685,0.0009072500001821027
BrandenburgNo4OneBWV1049.mp3,2,0.07740637200686251,0.0021701250002479355
BrandenburgNo4OneBWV1049.mp3,3,0.05617017100348676,0.0010759169999801088
BrandenburgNo4OneBWV1049.mp3,4,0.03638390900096056,0.001119167000069865
BrandenburgNo4OneBWV1049.mp3,5,0.03259770100157766,0.0011976249998042476
BrandenburgNo4OneBWV1049.mp3,6,0.03511212500006877,0.001204916000006051
BrandenburgNo4OneBWV1049.mp3,7,0.034640544999092526,0.0011333750003359455
BrandenburgNo4OneBWV1049.mp3,8,0.03328229000044303,0.0015456250002898742
BrandenburgNo4OneBWV1049.mp3,9,0.03128453900308159,0.0014029590001882752
BrandenburgNo4OneBWV1049.mp3,10,0.027870916000665602,0.001437833000181854
BrandenburgNo4OneBWV1049.mp3,11,0.029383916999449866,0.0023534169999948062
BrandenburgNo4OneBWV1049.mp3,12,0.027199748001748958,0.0016787920003480394
BrandenburgNo4OneBWV1049.mp3,13,0.026541665997683594,0.001566333000027953
BrandenburgNo4OneBWV1049.mp3,14,0.02545704299973295,0.0020841659998040996
BrandenburgNo4OneBWV1049.mp3,15,0.02158495599996968,0.0021202499997343693
BrandenburgNo4OneBWV1049.mp3,16,0.024912416000006488,0.002062957999896753
BrandenburgNo4OneBWV1049.mp3,17,0.022844542997972894,0.002392582999618753
BrandenburgNo4OneBWV1049.mp3,18,0.02376037600060954,0.0021128749999661522
BrandenburgNo4OneBWV1049.mp3,19,0.024510331001692975,0.0029017500000918517
BrandenburgNo4OneBWV1049.mp3,20,0.020574122999732936,0.002275625000038417
BrandenburgNo4OneBWV1049.mp3,21,0.022032290999504767,0.0018696249999266001
BrandenburgNo4OneBWV1049.mp3,22,0.0248948739995285,0.002339875000416214
BrandenburgNo4OneBWV1049.mp3,23,0.021497375000762986,0.0024829160001900163
BrandenburgNo4OneBWV1049.mp3,24,0.021109918998718058,0.0024304999997184495
BrandenburgNo4OneBWV1049.mp3,25,0.022235333000935498,0.002980707999995502
BrandenburgNo4OneBWV1049.mp3,26,0.018924123000942927,0.0035281250002299203
BrandenburgNo4OneBWV1049.mp3,27,0.01951904400038984,0.0017179170004055777
BrandenburgNo4OneBWV1049.mp3,28,0.02111278999973365,0.0035072910000053525
BrandenburgNo4OneBWV1049.mp3,29,0.01904479099857781,0.00201787499963757
BrandenburgNo4OneBWV1049.mp3,30,0.020457205001093826,0.0022432910000134143
CanonInDMajor.mp3,1,0.0890700409972851,0.0010869580000871792
CanonInDMajor.mp3,2,0.0745027919997483,0.0012802920000467566
CanonInDMajor.mp3,3,0.05241346499815336,0.0017984579999392736
CanonInDMajor.mp3,4,0.030553036999663163,0.0010656670001480961
CanonInDMajor.mp3,5,0.03465458899972873,0.0020761659998242976
CanonInDMajor.mp3,6,0.034737872001642245,0.0013620409999930416
CanonInDMajor.mp3,7,0.031188709000616655,0.001291542000217305
CanonInDMajor.mp3,8,0.02884958100048607,0.0023479999999835854
CanonInDMajor.mp3,9,0.029156498999327596,0.0013483749999068095
CanonInDMajor.mp3,10,0.026765872000396485,0.001541666000321129
CanonInDMajor.mp3,11,0.026172128000780503,0.0016940830000748974
CanonInDMajor.mp3,12,0.022146418001284474,0.0015930419999676815
CanonInDMajor.mp3,13,0.021719087000292348,0.0019968329997936962
CanonInDMajor.mp3,14,0.016634746999898198,0.0017890829999487323
CanonInDMajor.mp3,15,0.02189541700136033,0.0025675410001895216
CanonInDMajor.mp3,16,0.020198291998440254,0.00227866700015511
CanonInDMajor.mp3,17,0.020990793002056307,0.0036408340001798933
CanonInDMajor.mp3,18,0.020366580998143036,0.002418207999653532
CanonInDMajor.mp3,19,0.020429625999895507,0.0024390839998886804
CanonInDMajor.mp3,20,0.01946816800000306,0.00398266699994565
CanonInDMajor.mp3,21,0.018939835000310268,0.0032219999998233106
CanonInDMajor.mp3,22,0.018449459999374085,0.002536999999847467
CanonInDMajor.mp3,23,0.01947216499956994,0.002395665999756602
CanonInDMajor.mp3,24,0.01708554200013168,0.0023512089996984287
CanonInDMajor.mp3,25,0.014562708999164897,0.0021066250001240405
CanonInDMajor.mp3,26,0.018363833999501367,0.0020033749997310224
CanonInDMajor.mp3,27,0.015578459000153089,0.002202249999754713
CanonInDMajor.mp3,28,0.01336545800040767,0.002521375000014814
CanonInDMajor.mp3,29,0.01630066600000646,0.002816125000208558
CanonInDMajor.mp3,30,0.016146167001352296,0.0032500420002179453
MapleLeafRag.mp3,1,0.06194862099891907,0.0016562920000069425
MapleLeafRag.mp3,2,0.03879500100083533,0.0017402089997631265
MapleLeafRag.mp3,3,0.023980209000455943,0.0014442499996221159
MapleLeafRag.mp3,4,0.023607501002516074,0.0019485829998302506
MapleLeafRag.mp3,5,0.019864873000642547,0.001352917000076559
MapleLeafRag.mp3,6,0.01848395799879654,0.002123333999861643
MapleLeafRag.mp3,7,0.01753125100140096,0.0017572919996382552
MapleLeafRag.mp3,8,0.014904499001204385,0.00196700000014971
MapleLeafRag.mp3,9,0.015472959000362607,0.0016296250000777945
MapleLeafRag.mp3,10,0.013921628000844066,0.0017556669999976293
MapleLeafRag.mp3,11,0.014083496998864575,0.0028681250000772707
MapleLeafRag.mp3,12,0.012901249000151438,0.0014052080000510614
MapleLeafRag.mp3,13,0.012553749999369757,0.001477708999573224
MapleLeafRag.mp3,14,0.011557457998605969,0.001735499999995227
MapleLeafRag.mp3,15,0.012949832000231254,0.0020557500001814333
MapleLeafRag.mp3,16,0.01280654200081699,0.0032809169997563004
MapleLeafRag.mp3,17,0.01215887600028509,0.0021983750002618763
MapleLeafRag.mp3,18,0.010803542999383353,0.0023769579997861
MapleLeafRag.mp3,19,0.01151208399915049,0.002958124999622669
MapleLeafRag.mp3,20,0.009628916000110621,0.0023114579998946283
MapleLeafRag.mp3,21,0.010224501999346103,0.0026217079998787085
MapleLeafRag.mp3,22,0.012247167001078196,0.0031759580001562426
MapleLeafRag.mp3,23,0.011779290999129444,0.002541708000080689
MapleLeafRag.mp3,24,0.012276915999791527,0.0033589999998184794
MapleLeafRag.mp3,25,0.011484209000172996,0.0030429590001403994
MapleLeafRag.mp3,26,0.011797581999417162,0.0028150409998488612
MapleLeafRag.mp3,27,0.013209833000928484,0.0035148330002812145
MapleLeafRag.mp3,28,0.012293000999761716,0.0035924170001635503
MapleLeafRag.mp3,29,0.011927708000257553,0.0027150830001119175
MapleLeafRag.mp3,30,0.011867418000292673,0.0037717080003858428
GardenMusic.mp3,1,0.3687846270031514,0.0010193330003858136
GardenMusic.mp3,2,0.32791204799650586,0.001146209000125964
GardenMusic.mp3,3,0.17679996999140712,0.0010712920002333703
GardenMusic.mp3,4,0.1459880549978152,0.001223582999955397
GardenMusic.mp3,5,0.12781449699787117,0.0010860840002351324
GardenMusic.mp3,6,0.14726451099659243,0.0011694999998326239
GardenMusic.mp3,7,0.1472312960004274,0.0012045419998685247
GardenMusic.mp3,8,0.12536791199909203,0.0011570840001695615
GardenMusic.mp3,9,0.17999020900333562,0.002338750000035361
GardenMusic.mp3,10,0.13289116299665693,0.0013217079999776615
GardenMusic.mp3,11,0.13691599200046767,0.0014162079996822285
GardenMusic.mp3,12,0.1304052499995123,0.001630624999961583
GardenMusic.mp3,13,0.15311145500299972,0.0018043340000986063
GardenMusic.mp3,14,0.12194482999802858,0.0022742920000382583
GardenMusic.mp3,15,0.12994195500186834,0.0015653330001441645
GardenMusic.mp3,16,0.11875916600365599,0.002355707999868173
GardenMusic.mp3,17,0.10491636900314916,0.0018533340003159537
GardenMusic.mp3,18,0.0926464510016558,0.001832416000070225
GardenMusic.mp3,19,0.12175438099711755,0.001609833000202343
GardenMusic.mp3,20,0.11059421600157293,0.0015991249997568957
GardenMusic.mp3,21,0.09975887699965824,0.0022902499999872816
GardenMusic.mp3,22,0.09919858900093459,0.001810292000300251
GardenMusic.mp3,23,0.10154291099934198,0.0024894170001061866
GardenMusic.mp3,24,0.09755858600146894,0.0021096659997965617
GardenMusic.mp3,25,0.09172336900019218,0.0017933750000338478
GardenMusic.mp3,26,0.1047153760027868,0.0038859579999552807
GardenMusic.mp3,27,0.09110491199771786,0.0018355839997639123
GardenMusic.mp3,28,0.09057609000547018,0.0024559580001550785
GardenMusic.mp3,29,0.09342612400223516,0.0019876249998560525
GardenMusic.mp3,30,0.09744428999965749,0.0019278330000815913
SweeterVermouth.mp3,1,0.007503833001010207,0.0010467090000929602
SweeterVermouth.mp3,2,0.004996330000267335,0.0010072909999507829
SweeterVermouth.mp3,3,0.003566166000382509,0.0009179999997286359
SweeterVermouth.mp3,4,0.00414441499970053,0.0010580829998616537
SweeterVermouth.mp3,5,0.003404000000045926,0.0009913330000017595
SweeterVermouth.mp3,6,0.003194291999534471,0.0012305420000302547
SweeterVermouth.mp3,7,0.003947042000163492,0.0017895000000862638
SweeterVermouth.mp3,8,0.002557248999892181,0.0011653329997898254
SweeterVermouth.mp3,9,0.0029616239999086247,0.0014587079999728303
SweeterVermouth.mp3,10,0.002941000000191707,0.0019776659996750823
SweeterVermouth.mp3,11,0.002833541000200057,0.0020021660002385033
SweeterVermouth.mp3,12,0.002563667000231362,0.0019360420001248713
SweeterVermouth.mp3,13,0.0031084590000318713,0.002392374999999447
SweeterVermouth.mp3,14,0.00330137500031924,0.0021741250002378365
SweeterVermouth.mp3,15,0.0027661239996632503,0.0022701660000166157
SweeterVermouth.mp3,16,0.0038145839998833253,0.002573792000021058
SweeterVermouth.mp3,17,0.0031405830000039714,0.0019431659998190298
SweeterVermouth.mp3,18,0.003030542000033165,0.0019032919999517617
SweeterVermouth.mp3,19,0.0021407910003290453,0.0018567080001048453
SweeterVermouth.mp3,20,0.0037470420006684435,0.002549209000335395
SweeterVermouth.mp3,21,0.0028679580004791205,0.002261667000311718
SweeterVermouth.mp3,22,0.0022119169998404686,0.0019653330000437563
SweeterVermouth.mp3,23,0.0026215419998152356,0.002314041999852634
SweeterVermouth.mp3,24,0.0022908329997335386,0.002091165999900113
SweeterVermouth.mp3,25,0.002459124999859341,0.002459124999859341
SweeterVermouth.mp3,26,0.002910708999934286,0.002910708999934286
SweeterVermouth.mp3,27,0.002890292000301997,0.002890292000301997
SweeterVermouth.mp3,28,0.0018511660000513075,0.0018511660000513075
SweeterVermouth.mp3,29,0.002342041999781941,0.002342041999781941
SweeterVermouth.mp3,30,0.0028670000001511653,0.0028670000001511653
BrandenburgNo4OneBWV1049.mp3,1,0.06848987600369583,0.0008460839999315795
BrandenburgNo4OneBWV1049.mp3,2,0.05924183799788807,0.0017532080000819406
BrandenburgNo4OneBWV1049.mp3,3,0.04592141300145158,0.0016212919999816222
BrandenburgNo4OneBWV1049.mp3,4,0.035616577999917354,0.001115167000079964
BrandenburgNo4OneBWV1049.mp3,5,0.03643288100192876,0.0015759590000925527
BrandenburgNo4OneBWV1049.mp3,6,0.035156624000592274,0.0012545419999696605
BrandenburgNo4OneBWV1049.mp3,7,0.02888720600049055,0.0011814579997917463
BrandenburgNo4OneBWV1049.mp3,8,0.02834337899912498,0.0016217079996749817
BrandenburgNo4OneBWV1049.mp3,9,0.02969120999887309,0.001393250000091939
BrandenburgNo4OneBWV1049.mp3,10,0.0281316649989094,0.0012932079998790869
BrandenburgNo4OneBWV1049.mp3,11,0.026168247999976302,0.001958875000127591
BrandenburgNo4OneBWV1049.mp3,12,0.027064543000051344,0.001989792000131274
BrandenburgNo4OneBWV1049.mp3,13,0.02724862799868788,0.002238416999716719
BrandenburgNo4OneBWV1049.mp3,14,0.026834539997707907,0.001982875000066997
BrandenburgNo4OneBWV1049.mp3,15,0.028671456999745715,0.003433374999985972
BrandenburgNo4OneBWV1049.mp3,16,0.024141584998687904,0.001578207999955339
BrandenburgNo4OneBWV1049.mp3,17,0.023603790999914054,0.001786916000128258
BrandenburgNo4OneBWV1049.mp3,18,0.020501542001056805,0.001922958000250219
BrandenburgNo4OneBWV1049.mp3,19,0.023648291999052162,0.0024768339999354794
BrandenburgNo4OneBWV1049.mp3,20,0.020214834000398696,0.0015654579997317342
BrandenburgNo4OneBWV1049.mp3,21,0.022262373000558,0.0029629999999087886
BrandenburgNo4OneBWV1049.mp3,22,0.02191712399962853,0.0031037909998303803
BrandenburgNo4OneBWV1049.mp3,23,0.019479084998692997,0.0017408749999958673
BrandenburgNo4OneBWV1049.mp3,24,0.021183334000397736,0.003161083000122744
BrandenburgNo4OneBWV1049.mp3,25,0.01892833400188465,0.002317209000011644
BrandenburgNo4OneBWV1049.mp3,26,0.02072183100017355,0.0027847080000356073
BrandenburgNo4OneBWV1049.mp3,27,0.02033183400044436,0.0025336250000691507
BrandenburgNo4OneBWV1049.mp3,28,0.020910291998916364,0.0026871659997596
BrandenburgNo4OneBWV1049.mp3,29,0.01961929300068732,0.0025844169999800215
BrandenburgNo4OneBWV1049.mp3,30,0.020583500000157073,0.0030622909998783143
CanonInDMajor.mp3,1,0.0889980730003117,0.0010970410003210418
CanonInDMajor.mp3,2,0.07309562100545008,0.0017742499999258143
CanonInDMajor.mp3,3,0.053373699997791846,0.001225541999701818
CanonInDMajor.mp3,4,0.033429413998874224,0.0011713330000020505
CanonInDMajor.mp3,5,0.03880516799927136,0.0030547090000254684
CanonInDMajor.mp3,6,0.0323384969988183,0.0011735409998436808
CanonInDMajor.mp3,7,0.029879876999530097,0.0014105420000305458
CanonInDMajor.mp3,8,0.024162958999568218,0.00200733300016509
CanonInDMajor.mp3,9,0.027394584001285693,0.001528000000234897
CanonInDMajor.mp3,10,0.024557752000873734,0.0012850830003117153
CanonInDMajor.mp3,11,0.026525210000272637,0.001731500000005326
CanonInDMajor.mp3,12,0.023799083998710557,0.002545583000028273
CanonInDMajor.mp3,13,0.024239167000359885,0.0021648330002790317
CanonInDMajor.mp3,14,0.020200708000629675,0.001900459000353294
CanonInDMajor.mp3,15,0.021198918998379668,0.001869875000011234
CanonInDMajor.mp3,16,0.020484834999479062,0.0014209169999048754
CanonInDMajor.mp3,17,0.01922970700024962,0.00215604099958
CanonInDMajor.mp3,18,0.018521250999128824,0.0021630830001413415
CanonInDMajor.mp3,19,0.01994170700027098,0.0021791249996567785
CanonInDMajor.mp3,20,0.018373207999502483,0.002143125000202417
CanonInDMajor.mp3,21,0.018400042999019206,0.0020647500000450236
CanonInDMajor.mp3,22,0.01909262499975739,0.003154791999804729
CanonInDMajor.mp3,23,0.018011875000411237,0.002318416999969486
CanonInDMajor.mp3,24,0.017303916999026114,0.001982834000045841
CanonInDMajor.mp3,25,0.040811668999594986,0.015638416999991023
CanonInDMajor.mp3,26,0.016808875000151602,0.0017505840000922035
CanonInDMajor.mp3,27,0.015109457999642473,0.0019104999996670813
CanonInDMajor.mp3,28,0.01798608200124363,0.0024488750000273285
CanonInDMajor.mp3,29,0.018000875998950505,0.0035922910001318087
CanonInDMajor.mp3,30,0.016545500000120228,0.002860583000256156
MapleLeafRag.mp3,1,0.05889162799940095,0.0025909159999173426
MapleLeafRag.mp3,2,0.03987654200045654,0.001753957999881095
MapleLeafRag.mp3,3,0.022263999998813233,0.0011591659999794501
MapleLeafRag.mp3,4,0.020172125000044616,0.0017824999999902502
MapleLeafRag.mp3,5,0.021015583000917104,0.0013770830000794376
MapleLeafRag.mp3,6,0.018901254000866174,0.0013270839999677264
MapleLeafRag.mp3,7,0.01879741599850604,0.0018367919997217541
MapleLeafRag.mp3,8,0.015338544000314869,0.001296375000038097
MapleLeafRag.mp3,9,0.01633650000030684,0.002370167000208312
MapleLeafRag.mp3,10,0.014303581998774462,0.001788499999747728
MapleLeafRag.mp3,11,0.011554165001143701,0.002183125000101427
MapleLeafRag.mp3,12,0.01262062399973729,0.0018454579999342968
MapleLeafRag.mp3,13,0.01322762599966154,0.0015176669999164005
MapleLeafRag.mp3,14,0.011886834001415991,0.0021219170002950705
MapleLeafRag.mp3,15,0.01204224899993278,0.0017895830001180002
MapleLeafRag.mp3,16,0.011634250000497559,0.002421624999897176
MapleLeafRag.mp3,17,0.012897580999833735,0.003144625000004453
MapleLeafRag.mp3,18,0.010944708999431896,0.002346750000015163
MapleLeafRag.mp3,19,0.010661457999958657,0.002302041999882931
MapleLeafRag.mp3,20,0.009931333000167797,0.0016991669999697478
MapleLeafRag.mp3,21,0.01139570800069123,0.002359625000281085
MapleLeafRag.mp3,22,0.010443208000197046,0.002775542000108544
MapleLeafRag.mp3,23,0.011237208000238752,0.0026039590002255864
MapleLeafRag.mp3,24,0.011530207999840059,0.0027133329999742273
MapleLeafRag.mp3,25,0.012005207999209233,0.003041250000023865
MapleLeafRag.mp3,26,0.010797207999985403,0.0021909170000071754
MapleLeafRag.mp3,27,0.00987645900067946,0.002688999999918451
MapleLeafRag.mp3,28,0.011862250999911339,0.0034649169997464924
MapleLeafRag.mp3,29,0.0093250850000004,0.002023667000230489
MapleLeafRag.mp3,30,0.008267625000826229,0.002123374999882799
GardenMusic.mp3,1,0.36576838900600706,0.001005625000289001
GardenMusic.mp3,2,0.32788142001027154,0.0011051249998672574
GardenMusic.mp3,3,0.24780279899368907,0.0010445829998388945
GardenMusic.mp3,4,0.14508673499449287,0.0010570829999778653
GardenMusic.mp3,5,0.19093028700308423,0.0013805419998789148
GardenMusic.mp3,6,0.16507133999402868,0.002826666999681038
GardenMusic.mp3,7,0.16351979099772507,0.002118999999765947
GardenMusic.mp3,8,0.15854782399946998,0.0012155409999650146
GardenMusic.mp3,9,0.14922541299438308,0.0014595419997931458
GardenMusic.mp3,10,0.1429491670041898,0.0012943330002599396
GardenMusic.mp3,11,0.13042633500026568,0.001464582999687991
GardenMusic.mp3,12,0.121854921997965,0.002338750000035361
GardenMusic.mp3,13,0.1526039619943731,0.001815332999740349
GardenMusic.mp3,14,0.14183300699869505,0.0015989579997039982
GardenMusic.mp3,15,0.11047895399860863,0.0014598749999095162
GardenMusic.mp3,16,0.11314913299656837,0.0017201249997924606
GardenMusic.mp3,17,0.1293262040044283,0.0014905420002833125
GardenMusic.mp3,18,0.12702074599974367,0.0015317090001190081
GardenMusic.mp3,19,0.10535483100011334,0.0017169590000776225
GardenMusic.mp3,20,0.11358437800117827,0.004778624999744352
GardenMusic.mp3,21,0.11094617099843163,0.0017010829997161636
GardenMusic.mp3,22,0.10424194899997019,0.0018115829998350819
GardenMusic.mp3,23,0.10826499999893713,0.001933041000029334
GardenMusic.mp3,24,0.09241378600017924,0.0018611249997775303
GardenMusic.mp3,25,0.10525824699789155,0.00171254199995019
GardenMusic.mp3,26,0.09134657799950219,0.001884833000076469
GardenMusic.mp3,27,0.11598887399986779,0.009770749999916006
GardenMusic.mp3,28,0.0864793779996944,0.0018736669999270816
GardenMusic.mp3,29,0.09954804400149442,0.0021756249998361454
GardenMusic.mp3,30,0.10162120799805052,0.002990250000038941
